snapshot_date,category,seniority,tier,listings_with_ai,total_listings,pct,required_count
2026-03-12,ai,all,any_ai,253,266,95.1,253
2026-03-12,ai,all,genai,210,266,78.9,207
2026-03-12,ai,all,ml,186,266,69.9,186
2026-03-12,ai,entry,any_ai,1,1,100.0,1
2026-03-12,ai,entry,genai,1,1,100.0,1
2026-03-12,ai,entry,ml,1,1,100.0,1
2026-03-12,ai,mid,any_ai,138,147,93.9,138
2026-03-12,ai,mid,genai,120,147,81.6,119
2026-03-12,ai,mid,ml,100,147,68.0,100
2026-03-12,ai,senior,any_ai,114,118,96.6,114
2026-03-12,ai,senior,genai,89,118,75.4,87
2026-03-12,ai,senior,ml,85,118,72.0,85
2026-03-12,data,all,any_ai,90,149,60.4,89
2026-03-12,data,all,genai,28,149,18.8,28
2026-03-12,data,all,ml,80,149,53.7,79
2026-03-12,data,mid,any_ai,24,57,42.1,24
2026-03-12,data,mid,genai,7,57,12.3,7
2026-03-12,data,mid,ml,23,57,40.4,23
2026-03-12,data,senior,any_ai,66,92,71.7,65
2026-03-12,data,senior,genai,21,92,22.8,21
2026-03-12,data,senior,ml,57,92,62.0,56
2026-03-12,devops,all,any_ai,10,83,12.0,10
2026-03-12,devops,all,genai,9,83,10.8,9
2026-03-12,devops,all,ml,6,83,7.2,6
2026-03-12,devops,mid,any_ai,7,30,23.3,7
2026-03-12,devops,mid,genai,7,30,23.3,7
2026-03-12,devops,mid,ml,3,30,10.0,3
2026-03-12,devops,senior,any_ai,3,53,5.7,3
2026-03-12,devops,senior,genai,2,53,3.8,2
2026-03-12,devops,senior,ml,3,53,5.7,3
2026-03-12,engineering,all,any_ai,299,813,36.8,297
2026-03-12,engineering,all,genai,169,813,20.8,168
2026-03-12,engineering,all,ml,217,813,26.7,213
2026-03-12,engineering,entry,any_ai,3,6,50.0,3
2026-03-12,engineering,entry,genai,1,6,16.7,1
2026-03-12,engineering,entry,ml,3,6,50.0,3
2026-03-12,engineering,mid,any_ai,59,263,22.4,58
2026-03-12,engineering,mid,genai,38,263,14.4,38
2026-03-12,engineering,mid,ml,36,263,13.7,32
2026-03-12,engineering,senior,any_ai,237,544,43.6,236
2026-03-12,engineering,senior,genai,130,544,23.9,129
2026-03-12,engineering,senior,ml,178,544,32.7,178
2026-03-12,product,all,any_ai,83,223,37.2,83
2026-03-12,product,all,genai,64,223,28.7,64
2026-03-12,product,all,ml,40,223,17.9,40
2026-03-12,product,entry,any_ai,1,2,50.0,1
2026-03-12,product,entry,genai,0,2,0.0,0
2026-03-12,product,entry,ml,1,2,50.0,1
2026-03-12,product,mid,any_ai,22,71,31.0,22
2026-03-12,product,mid,genai,21,71,29.6,21
2026-03-12,product,mid,ml,4,71,5.6,4
2026-03-12,product,senior,any_ai,60,150,40.0,60
2026-03-12,product,senior,genai,43,150,28.7,43
2026-03-12,product,senior,ml,35,150,23.3,35
2026-03-12,security,all,any_ai,6,25,24.0,6
2026-03-12,security,all,genai,3,25,12.0,3
2026-03-12,security,all,ml,5,25,20.0,5
2026-03-12,security,mid,any_ai,0,8,0.0,0
2026-03-12,security,mid,genai,0,8,0.0,0
2026-03-12,security,mid,ml,0,8,0.0,0
2026-03-12,security,senior,any_ai,6,17,35.3,6
2026-03-12,security,senior,genai,3,17,17.6,3
2026-03-12,security,senior,ml,5,17,29.4,5
2026-03-19,ai,all,any_ai,264,277,95.3,264
2026-03-19,ai,all,genai,221,277,79.8,218
2026-03-19,ai,all,ml,192,277,69.3,192
2026-03-19,ai,entry,any_ai,1,1,100.0,1
2026-03-19,ai,entry,genai,1,1,100.0,1
2026-03-19,ai,entry,ml,1,1,100.0,1
2026-03-19,ai,mid,any_ai,140,149,94.0,140
2026-03-19,ai,mid,genai,122,149,81.9,121
2026-03-19,ai,mid,ml,100,149,67.1,100
2026-03-19,ai,senior,any_ai,123,127,96.9,123
2026-03-19,ai,senior,genai,98,127,77.2,96
2026-03-19,ai,senior,ml,91,127,71.7,91
2026-03-19,data,all,any_ai,99,162,61.1,98
2026-03-19,data,all,genai,34,162,21.0,34
2026-03-19,data,all,ml,85,162,52.5,84
2026-03-19,data,mid,any_ai,26,63,41.3,26
2026-03-19,data,mid,genai,9,63,14.3,9
2026-03-19,data,mid,ml,23,63,36.5,23
2026-03-19,data,senior,any_ai,73,99,73.7,72
2026-03-19,data,senior,genai,25,99,25.3,25
2026-03-19,data,senior,ml,62,99,62.6,61
2026-03-19,devops,all,any_ai,11,90,12.2,11
2026-03-19,devops,all,genai,9,90,10.0,9
2026-03-19,devops,all,ml,7,90,7.8,7
2026-03-19,devops,entry,any_ai,0,3,0.0,0
2026-03-19,devops,entry,genai,0,3,0.0,0
2026-03-19,devops,entry,ml,0,3,0.0,0
2026-03-19,devops,mid,any_ai,8,31,25.8,8
2026-03-19,devops,mid,genai,7,31,22.6,7
2026-03-19,devops,mid,ml,4,31,12.9,4
2026-03-19,devops,senior,any_ai,3,56,5.4,3
2026-03-19,devops,senior,genai,2,56,3.6,2
2026-03-19,devops,senior,ml,3,56,5.4,3
2026-03-19,engineering,all,any_ai,317,868,36.5,315
2026-03-19,engineering,all,genai,185,868,21.3,184
2026-03-19,engineering,all,ml,225,868,25.9,221
2026-03-19,engineering,entry,any_ai,5,8,62.5,5
2026-03-19,engineering,entry,genai,3,8,37.5,3
2026-03-19,engineering,entry,ml,3,8,37.5,3
2026-03-19,engineering,mid,any_ai,62,275,22.5,61
2026-03-19,engineering,mid,genai,41,275,14.9,41
2026-03-19,engineering,mid,ml,38,275,13.8,34
2026-03-19,engineering,senior,any_ai,250,585,42.7,249
2026-03-19,engineering,senior,genai,141,585,24.1,140
2026-03-19,engineering,senior,ml,184,585,31.5,184
2026-03-19,product,all,any_ai,89,242,36.8,88
2026-03-19,product,all,genai,69,242,28.5,68
2026-03-19,product,all,ml,41,242,16.9,41
2026-03-19,product,entry,any_ai,1,2,50.0,1
2026-03-19,product,entry,genai,0,2,0.0,0
2026-03-19,product,entry,ml,1,2,50.0,1
2026-03-19,product,mid,any_ai,23,75,30.7,22
2026-03-19,product,mid,genai,22,75,29.3,21
2026-03-19,product,mid,ml,4,75,5.3,4
2026-03-19,product,senior,any_ai,65,165,39.4,65
2026-03-19,product,senior,genai,47,165,28.5,47
2026-03-19,product,senior,ml,36,165,21.8,36
2026-03-19,security,all,any_ai,7,27,25.9,7
2026-03-19,security,all,genai,4,27,14.8,4
2026-03-19,security,all,ml,6,27,22.2,6
2026-03-19,security,mid,any_ai,0,8,0.0,0
2026-03-19,security,mid,genai,0,8,0.0,0
2026-03-19,security,mid,ml,0,8,0.0,0
2026-03-19,security,senior,any_ai,7,19,36.8,7
2026-03-19,security,senior,genai,4,19,21.1,4
2026-03-19,security,senior,ml,6,19,31.6,6
2026-03-26,ai,all,any_ai,273,288,94.8,273
2026-03-26,ai,all,genai,230,288,79.9,227
2026-03-26,ai,all,ml,201,288,69.8,201
2026-03-26,ai,entry,any_ai,1,1,100.0,1
2026-03-26,ai,entry,genai,1,1,100.0,1
2026-03-26,ai,entry,ml,1,1,100.0,1
2026-03-26,ai,mid,any_ai,146,157,93.0,146
2026-03-26,ai,mid,genai,128,157,81.5,127
2026-03-26,ai,mid,ml,106,157,67.5,106
2026-03-26,ai,senior,any_ai,126,130,96.9,126
2026-03-26,ai,senior,genai,101,130,77.7,99
2026-03-26,ai,senior,ml,94,130,72.3,94
2026-03-26,data,all,any_ai,107,181,59.1,106
2026-03-26,data,all,genai,39,181,21.5,39
2026-03-26,data,all,ml,90,181,49.7,89
2026-03-26,data,mid,any_ai,29,68,42.6,29
2026-03-26,data,mid,genai,10,68,14.7,10
2026-03-26,data,mid,ml,25,68,36.8,25
2026-03-26,data,senior,any_ai,78,113,69.0,77
2026-03-26,data,senior,genai,29,113,25.7,29
2026-03-26,data,senior,ml,65,113,57.5,64
2026-03-26,devops,all,any_ai,12,92,13.0,12
2026-03-26,devops,all,genai,9,92,9.8,9
2026-03-26,devops,all,ml,8,92,8.7,8
2026-03-26,devops,entry,any_ai,0,3,0.0,0
2026-03-26,devops,entry,genai,0,3,0.0,0
2026-03-26,devops,entry,ml,0,3,0.0,0
2026-03-26,devops,mid,any_ai,9,32,28.1,9
2026-03-26,devops,mid,genai,7,32,21.9,7
2026-03-26,devops,mid,ml,5,32,15.6,5
2026-03-26,devops,senior,any_ai,3,57,5.3,3
2026-03-26,devops,senior,genai,2,57,3.5,2
2026-03-26,devops,senior,ml,3,57,5.3,3
2026-03-26,engineering,all,any_ai,324,890,36.4,322
2026-03-26,engineering,all,genai,191,890,21.5,190
2026-03-26,engineering,all,ml,230,890,25.8,225
2026-03-26,engineering,entry,any_ai,5,8,62.5,5
2026-03-26,engineering,entry,genai,3,8,37.5,3
2026-03-26,engineering,entry,ml,3,8,37.5,3
2026-03-26,engineering,mid,any_ai,62,282,22.0,61
2026-03-26,engineering,mid,genai,41,282,14.5,41
2026-03-26,engineering,mid,ml,38,282,13.5,34
2026-03-26,engineering,senior,any_ai,257,600,42.8,256
2026-03-26,engineering,senior,genai,147,600,24.5,146
2026-03-26,engineering,senior,ml,189,600,31.5,188
2026-03-26,product,all,any_ai,91,251,36.3,90
2026-03-26,product,all,genai,71,251,28.3,70
2026-03-26,product,all,ml,42,251,16.7,42
2026-03-26,product,entry,any_ai,1,3,33.3,1
2026-03-26,product,entry,genai,0,3,0.0,0
2026-03-26,product,entry,ml,1,3,33.3,1
2026-03-26,product,mid,any_ai,23,76,30.3,22
2026-03-26,product,mid,genai,22,76,28.9,21
2026-03-26,product,mid,ml,4,76,5.3,4
2026-03-26,product,senior,any_ai,67,172,39.0,67
2026-03-26,product,senior,genai,49,172,28.5,49
2026-03-26,product,senior,ml,37,172,21.5,37
2026-03-26,security,all,any_ai,9,29,31.0,9
2026-03-26,security,all,genai,6,29,20.7,6
2026-03-26,security,all,ml,8,29,27.6,8
2026-03-26,security,mid,any_ai,0,8,0.0,0
2026-03-26,security,mid,genai,0,8,0.0,0
2026-03-26,security,mid,ml,0,8,0.0,0
2026-03-26,security,senior,any_ai,9,21,42.9,9
2026-03-26,security,senior,genai,6,21,28.6,6
2026-03-26,security,senior,ml,8,21,38.1,8
2026-04-02,ai,all,any_ai,302,321,94.1,302
2026-04-02,ai,all,genai,257,321,80.1,254
2026-04-02,ai,all,ml,230,321,71.7,230
2026-04-02,ai,entry,any_ai,1,1,100.0,1
2026-04-02,ai,entry,genai,1,1,100.0,1
2026-04-02,ai,entry,ml,1,1,100.0,1
2026-04-02,ai,mid,any_ai,161,174,92.5,161
2026-04-02,ai,mid,genai,141,174,81.0,140
2026-04-02,ai,mid,ml,121,174,69.5,121
2026-04-02,ai,senior,any_ai,140,146,95.9,140
2026-04-02,ai,senior,genai,115,146,78.8,113
2026-04-02,ai,senior,ml,108,146,74.0,108
2026-04-02,data,all,any_ai,125,215,58.1,124
2026-04-02,data,all,genai,44,215,20.5,44
2026-04-02,data,all,ml,105,215,48.8,104
2026-04-02,data,mid,any_ai,38,86,44.2,38
2026-04-02,data,mid,genai,13,86,15.1,13
2026-04-02,data,mid,ml,31,86,36.0,31
2026-04-02,data,senior,any_ai,87,129,67.4,86
2026-04-02,data,senior,genai,31,129,24.0,31
2026-04-02,data,senior,ml,74,129,57.4,73
2026-04-02,devops,all,any_ai,19,133,14.3,19
2026-04-02,devops,all,genai,16,133,12.0,16
2026-04-02,devops,all,ml,14,133,10.5,14
2026-04-02,devops,entry,any_ai,0,3,0.0,0
2026-04-02,devops,entry,genai,0,3,0.0,0
2026-04-02,devops,entry,ml,0,3,0.0,0
2026-04-02,devops,mid,any_ai,15,50,30.0,15
2026-04-02,devops,mid,genai,13,50,26.0,13
2026-04-02,devops,mid,ml,11,50,22.0,11
2026-04-02,devops,senior,any_ai,4,80,5.0,4
2026-04-02,devops,senior,genai,3,80,3.8,3
2026-04-02,devops,senior,ml,3,80,3.8,3
2026-04-02,engineering,all,any_ai,381,1041,36.6,377
2026-04-02,engineering,all,genai,239,1041,23.0,236
2026-04-02,engineering,all,ml,255,1041,24.5,250
2026-04-02,engineering,entry,any_ai,6,9,66.7,6
2026-04-02,engineering,entry,genai,4,9,44.4,4
2026-04-02,engineering,entry,ml,3,9,33.3,3
2026-04-02,engineering,mid,any_ai,75,326,23.0,74
2026-04-02,engineering,mid,genai,53,326,16.3,53
2026-04-02,engineering,mid,ml,42,326,12.9,38
2026-04-02,engineering,senior,any_ai,300,706,42.5,297
2026-04-02,engineering,senior,genai,182,706,25.8,179
2026-04-02,engineering,senior,ml,210,706,29.7,209
2026-04-02,product,all,any_ai,101,298,33.9,100
2026-04-02,product,all,genai,81,298,27.2,78
2026-04-02,product,all,ml,46,298,15.4,46
2026-04-02,product,entry,any_ai,1,3,33.3,1
2026-04-02,product,entry,genai,0,3,0.0,0
2026-04-02,product,entry,ml,1,3,33.3,1
2026-04-02,product,mid,any_ai,27,90,30.0,26
2026-04-02,product,mid,genai,26,90,28.9,25
2026-04-02,product,mid,ml,4,90,4.4,4
2026-04-02,product,senior,any_ai,73,205,35.6,73
2026-04-02,product,senior,genai,55,205,26.8,53
2026-04-02,product,senior,ml,41,205,20.0,41
2026-04-02,security,all,any_ai,9,41,22.0,9
2026-04-02,security,all,genai,6,41,14.6,6
2026-04-02,security,all,ml,8,41,19.5,8
2026-04-02,security,entry,any_ai,0,1,0.0,0
2026-04-02,security,entry,genai,0,1,0.0,0
2026-04-02,security,entry,ml,0,1,0.0,0
2026-04-02,security,mid,any_ai,0,9,0.0,0
2026-04-02,security,mid,genai,0,9,0.0,0
2026-04-02,security,mid,ml,0,9,0.0,0
2026-04-02,security,senior,any_ai,9,31,29.0,9
2026-04-02,security,senior,genai,6,31,19.4,6
2026-04-02,security,senior,ml,8,31,25.8,8
2026-04-09,ai,all,any_ai,375,431,87.0,375
2026-04-09,ai,all,genai,288,431,66.8,285
2026-04-09,ai,all,ml,291,431,67.5,291
2026-04-09,ai,entry,any_ai,1,2,50.0,1
2026-04-09,ai,entry,genai,1,2,50.0,1
2026-04-09,ai,entry,ml,1,2,50.0,1
2026-04-09,ai,mid,any_ai,191,223,85.7,191
2026-04-09,ai,mid,genai,159,223,71.3,158
2026-04-09,ai,mid,ml,145,223,65.0,145
2026-04-09,ai,senior,any_ai,183,206,88.8,183
2026-04-09,ai,senior,genai,128,206,62.1,126
2026-04-09,ai,senior,ml,145,206,70.4,145
2026-04-09,data,all,any_ai,173,468,37.0,172
2026-04-09,data,all,genai,72,468,15.4,72
2026-04-09,data,all,ml,137,468,29.3,136
2026-04-09,data,entry,any_ai,0,2,0.0,0
2026-04-09,data,entry,genai,0,2,0.0,0
2026-04-09,data,entry,ml,0,2,0.0,0
2026-04-09,data,mid,any_ai,57,221,25.8,57
2026-04-09,data,mid,genai,20,221,9.0,20
2026-04-09,data,mid,ml,46,221,20.8,46
2026-04-09,data,senior,any_ai,116,245,47.3,115
2026-04-09,data,senior,genai,52,245,21.2,52
2026-04-09,data,senior,ml,91,245,37.1,90
2026-04-09,devops,all,any_ai,73,315,23.2,73
2026-04-09,devops,all,genai,55,315,17.5,55
2026-04-09,devops,all,ml,41,315,13.0,41
2026-04-09,devops,entry,any_ai,0,6,0.0,0
2026-04-09,devops,entry,genai,0,6,0.0,0
2026-04-09,devops,entry,ml,0,6,0.0,0
2026-04-09,devops,mid,any_ai,50,147,34.0,50
2026-04-09,devops,mid,genai,41,147,27.9,41
2026-04-09,devops,mid,ml,27,147,18.4,27
2026-04-09,devops,senior,any_ai,23,162,14.2,23
2026-04-09,devops,senior,genai,14,162,8.6,14
2026-04-09,devops,senior,ml,14,162,8.6,14
2026-04-09,engineering,all,any_ai,467,1733,26.9,463
2026-04-09,engineering,all,genai,297,1733,17.1,294
2026-04-09,engineering,all,ml,296,1733,17.1,291
2026-04-09,engineering,entry,any_ai,7,28,25.0,7
2026-04-09,engineering,entry,genai,5,28,17.9,5
2026-04-09,engineering,entry,ml,4,28,14.3,4
2026-04-09,engineering,mid,any_ai,106,607,17.5,105
2026-04-09,engineering,mid,genai,71,607,11.7,71
2026-04-09,engineering,mid,ml,59,607,9.7,55
2026-04-09,engineering,senior,any_ai,354,1098,32.2,351
2026-04-09,engineering,senior,genai,221,1098,20.1,218
2026-04-09,engineering,senior,ml,233,1098,21.2,232
2026-04-09,product,all,any_ai,123,388,31.7,122
2026-04-09,product,all,genai,99,388,25.5,96
2026-04-09,product,all,ml,59,388,15.2,59
2026-04-09,product,entry,any_ai,1,3,33.3,1
2026-04-09,product,entry,genai,0,3,0.0,0
2026-04-09,product,entry,ml,1,3,33.3,1
2026-04-09,product,mid,any_ai,37,121,30.6,36
2026-04-09,product,mid,genai,33,121,27.3,32
2026-04-09,product,mid,ml,10,121,8.3,10
2026-04-09,product,senior,any_ai,85,264,32.2,85
2026-04-09,product,senior,genai,66,264,25.0,64
2026-04-09,product,senior,ml,48,264,18.2,48
2026-04-09,security,all,any_ai,10,64,15.6,10
2026-04-09,security,all,genai,7,64,10.9,7
2026-04-09,security,all,ml,8,64,12.5,8
2026-04-09,security,entry,any_ai,0,1,0.0,0
2026-04-09,security,entry,genai,0,1,0.0,0
2026-04-09,security,entry,ml,0,1,0.0,0
2026-04-09,security,mid,any_ai,0,24,0.0,0
2026-04-09,security,mid,genai,0,24,0.0,0
2026-04-09,security,mid,ml,0,24,0.0,0
2026-04-09,security,senior,any_ai,10,39,25.6,10
2026-04-09,security,senior,genai,7,39,17.9,7
2026-04-09,security,senior,ml,8,39,20.5,8
2026-04-16,ai,all,any_ai,375,417,89.9,375
2026-04-16,ai,all,genai,264,417,63.3,261
2026-04-16,ai,all,ml,302,417,72.4,302
2026-04-16,ai,entry,any_ai,1,1,100.0,1
2026-04-16,ai,entry,genai,1,1,100.0,1
2026-04-16,ai,entry,ml,1,1,100.0,1
2026-04-16,ai,mid,any_ai,193,214,90.2,193
2026-04-16,ai,mid,genai,142,214,66.4,141
2026-04-16,ai,mid,ml,150,214,70.1,150
2026-04-16,ai,senior,any_ai,181,202,89.6,181
2026-04-16,ai,senior,genai,121,202,59.9,119
2026-04-16,ai,senior,ml,151,202,74.8,151
2026-04-16,data,all,any_ai,172,427,40.3,171
2026-04-16,data,all,genai,64,427,15.0,64
2026-04-16,data,all,ml,141,427,33.0,140
2026-04-16,data,entry,any_ai,0,1,0.0,0
2026-04-16,data,entry,genai,0,1,0.0,0
2026-04-16,data,entry,ml,0,1,0.0,0
2026-04-16,data,mid,any_ai,51,188,27.1,51
2026-04-16,data,mid,genai,17,188,9.0,17
2026-04-16,data,mid,ml,43,188,22.9,43
2026-04-16,data,senior,any_ai,121,238,50.8,120
2026-04-16,data,senior,genai,47,238,19.7,47
2026-04-16,data,senior,ml,98,238,41.2,97
2026-04-16,devops,all,any_ai,77,391,19.7,77
2026-04-16,devops,all,genai,55,391,14.1,55
2026-04-16,devops,all,ml,41,391,10.5,41
2026-04-16,devops,entry,any_ai,6,9,66.7,6
2026-04-16,devops,entry,genai,0,9,0.0,0
2026-04-16,devops,entry,ml,6,9,66.7,6
2026-04-16,devops,mid,any_ai,44,169,26.0,44
2026-04-16,devops,mid,genai,37,169,21.9,37
2026-04-16,devops,mid,ml,21,169,12.4,21
2026-04-16,devops,senior,any_ai,27,213,12.7,27
2026-04-16,devops,senior,genai,18,213,8.5,18
2026-04-16,devops,senior,ml,14,213,6.6,14
2026-04-16,engineering,all,any_ai,463,1699,27.3,459
2026-04-16,engineering,all,genai,289,1699,17.0,286
2026-04-16,engineering,all,ml,302,1699,17.8,297
2026-04-16,engineering,entry,any_ai,7,33,21.2,7
2026-04-16,engineering,entry,genai,5,33,15.2,5
2026-04-16,engineering,entry,ml,4,33,12.1,4
2026-04-16,engineering,mid,any_ai,101,624,16.2,100
2026-04-16,engineering,mid,genai,63,624,10.1,63
2026-04-16,engineering,mid,ml,59,624,9.5,55
2026-04-16,engineering,senior,any_ai,355,1042,34.1,352
2026-04-16,engineering,senior,genai,221,1042,21.2,218
2026-04-16,engineering,senior,ml,239,1042,22.9,238
2026-04-16,product,all,any_ai,123,379,32.5,122
2026-04-16,product,all,genai,101,379,26.6,98
2026-04-16,product,all,ml,56,379,14.8,56
2026-04-16,product,entry,any_ai,1,3,33.3,1
2026-04-16,product,entry,genai,0,3,0.0,0
2026-04-16,product,entry,ml,1,3,33.3,1
2026-04-16,product,mid,any_ai,37,115,32.2,36
2026-04-16,product,mid,genai,33,115,28.7,32
2026-04-16,product,mid,ml,9,115,7.8,9
2026-04-16,product,senior,any_ai,85,261,32.6,85
2026-04-16,product,senior,genai,68,261,26.1,66
2026-04-16,product,senior,ml,46,261,17.6,46
2026-04-16,security,all,any_ai,9,70,12.9,9
2026-04-16,security,all,genai,6,70,8.6,6
2026-04-16,security,all,ml,8,70,11.4,8
2026-04-16,security,entry,any_ai,0,1,0.0,0
2026-04-16,security,entry,genai,0,1,0.0,0
2026-04-16,security,entry,ml,0,1,0.0,0
2026-04-16,security,mid,any_ai,0,27,0.0,0
2026-04-16,security,mid,genai,0,27,0.0,0
2026-04-16,security,mid,ml,0,27,0.0,0
2026-04-16,security,senior,any_ai,9,42,21.4,9
2026-04-16,security,senior,genai,6,42,14.3,6
2026-04-16,security,senior,ml,8,42,19.0,8
2026-04-23,ai,all,any_ai,351,382,91.9,351
2026-04-23,ai,all,genai,285,382,74.6,282
2026-04-23,ai,all,ml,270,382,70.7,269
2026-04-23,ai,entry,any_ai,1,1,100.0,1
2026-04-23,ai,entry,genai,1,1,100.0,1
2026-04-23,ai,entry,ml,1,1,100.0,1
2026-04-23,ai,mid,any_ai,178,195,91.3,178
2026-04-23,ai,mid,genai,151,195,77.4,150
2026-04-23,ai,mid,ml,133,195,68.2,132
2026-04-23,ai,senior,any_ai,172,186,92.5,172
2026-04-23,ai,senior,genai,133,186,71.5,131
2026-04-23,ai,senior,ml,136,186,73.1,136
2026-04-23,data,all,any_ai,150,387,38.8,149
2026-04-23,data,all,genai,60,387,15.5,60
2026-04-23,data,all,ml,119,387,30.7,118
2026-04-23,data,entry,any_ai,0,2,0.0,0
2026-04-23,data,entry,genai,0,2,0.0,0
2026-04-23,data,entry,ml,0,2,0.0,0
2026-04-23,data,mid,any_ai,43,170,25.3,43
2026-04-23,data,mid,genai,17,170,10.0,17
2026-04-23,data,mid,ml,35,170,20.6,35
2026-04-23,data,senior,any_ai,107,215,49.8,106
2026-04-23,data,senior,genai,43,215,20.0,43
2026-04-23,data,senior,ml,84,215,39.1,83
2026-04-23,devops,all,any_ai,60,332,18.1,60
2026-04-23,devops,all,genai,42,332,12.7,42
2026-04-23,devops,all,ml,27,332,8.1,27
2026-04-23,devops,entry,any_ai,0,6,0.0,0
2026-04-23,devops,entry,genai,0,6,0.0,0
2026-04-23,devops,entry,ml,0,6,0.0,0
2026-04-23,devops,mid,any_ai,37,139,26.6,37
2026-04-23,devops,mid,genai,29,139,20.9,29
2026-04-23,devops,mid,ml,13,139,9.4,13
2026-04-23,devops,senior,any_ai,23,187,12.3,23
2026-04-23,devops,senior,genai,13,187,7.0,13
2026-04-23,devops,senior,ml,14,187,7.5,14
2026-04-23,engineering,all,any_ai,483,1892,25.5,478
2026-04-23,engineering,all,genai,286,1892,15.1,282
2026-04-23,engineering,all,ml,319,1892,16.9,314
2026-04-23,engineering,entry,any_ai,10,45,22.2,10
2026-04-23,engineering,entry,genai,6,45,13.3,6
2026-04-23,engineering,entry,ml,6,45,13.3,6
2026-04-23,engineering,mid,any_ai,120,716,16.8,118
2026-04-23,engineering,mid,genai,67,716,9.4,66
2026-04-23,engineering,mid,ml,76,716,10.6,72
2026-04-23,engineering,senior,any_ai,353,1131,31.2,350
2026-04-23,engineering,senior,genai,213,1131,18.8,210
2026-04-23,engineering,senior,ml,237,1131,21.0,236
2026-04-23,product,all,any_ai,129,397,32.5,128
2026-04-23,product,all,genai,105,397,26.4,102
2026-04-23,product,all,ml,59,397,14.9,59
2026-04-23,product,entry,any_ai,1,4,25.0,1
2026-04-23,product,entry,genai,0,4,0.0,0
2026-04-23,product,entry,ml,1,4,25.0,1
2026-04-23,product,mid,any_ai,37,119,31.1,36
2026-04-23,product,mid,genai,32,119,26.9,31
2026-04-23,product,mid,ml,10,119,8.4,10
2026-04-23,product,senior,any_ai,91,274,33.2,91
2026-04-23,product,senior,genai,73,274,26.6,71
2026-04-23,product,senior,ml,48,274,17.5,48
2026-04-23,security,all,any_ai,14,72,19.4,12
2026-04-23,security,all,genai,9,72,12.5,7
2026-04-23,security,all,ml,10,72,13.9,10
2026-04-23,security,entry,any_ai,0,1,0.0,0
2026-04-23,security,entry,genai,0,1,0.0,0
2026-04-23,security,entry,ml,0,1,0.0,0
2026-04-23,security,mid,any_ai,3,24,12.5,1
2026-04-23,security,mid,genai,3,24,12.5,1
2026-04-23,security,mid,ml,0,24,0.0,0
2026-04-23,security,senior,any_ai,11,47,23.4,11
2026-04-23,security,senior,genai,6,47,12.8,6
2026-04-23,security,senior,ml,10,47,21.3,10
2026-04-30,ai,all,any_ai,349,380,91.8,347
2026-04-30,ai,all,genai,269,380,70.8,264
2026-04-30,ai,all,ml,275,380,72.4,274
2026-04-30,ai,mid,any_ai,181,198,91.4,179
2026-04-30,ai,mid,genai,145,198,73.2,142
2026-04-30,ai,mid,ml,137,198,69.2,136
2026-04-30,ai,senior,any_ai,168,182,92.3,168
2026-04-30,ai,senior,genai,124,182,68.1,122
2026-04-30,ai,senior,ml,138,182,75.8,138
2026-04-30,data,all,any_ai,145,316,45.9,144
2026-04-30,data,all,genai,57,316,18.0,57
2026-04-30,data,all,ml,114,316,36.1,113
2026-04-30,data,mid,any_ai,40,126,31.7,40
2026-04-30,data,mid,genai,16,126,12.7,16
2026-04-30,data,mid,ml,32,126,25.4,32
2026-04-30,data,senior,any_ai,105,190,55.3,104
2026-04-30,data,senior,genai,41,190,21.6,41
2026-04-30,data,senior,ml,82,190,43.2,81
2026-04-30,devops,all,any_ai,80,303,26.4,80
2026-04-30,devops,all,genai,59,303,19.5,59
2026-04-30,devops,all,ml,39,303,12.9,39
2026-04-30,devops,entry,any_ai,0,10,0.0,0
2026-04-30,devops,entry,genai,0,10,0.0,0
2026-04-30,devops,entry,ml,0,10,0.0,0
2026-04-30,devops,mid,any_ai,33,122,27.0,33
2026-04-30,devops,mid,genai,29,122,23.8,29
2026-04-30,devops,mid,ml,9,122,7.4,9
2026-04-30,devops,senior,any_ai,47,171,27.5,47
2026-04-30,devops,senior,genai,30,171,17.5,30
2026-04-30,devops,senior,ml,30,171,17.5,30
2026-04-30,engineering,all,any_ai,421,1374,30.6,414
2026-04-30,engineering,all,genai,255,1374,18.6,249
2026-04-30,engineering,all,ml,279,1374,20.3,274
2026-04-30,engineering,entry,any_ai,12,33,36.4,11
2026-04-30,engineering,entry,genai,7,33,21.2,6
2026-04-30,engineering,entry,ml,7,33,21.2,7
2026-04-30,engineering,mid,any_ai,96,484,19.8,94
2026-04-30,engineering,mid,genai,60,484,12.4,59
2026-04-30,engineering,mid,ml,58,484,12.0,54
2026-04-30,engineering,senior,any_ai,313,857,36.5,309
2026-04-30,engineering,senior,genai,188,857,21.9,184
2026-04-30,engineering,senior,ml,214,857,25.0,213
2026-04-30,product,all,any_ai,122,380,32.1,121
2026-04-30,product,all,genai,98,380,25.8,95
2026-04-30,product,all,ml,57,380,15.0,57
2026-04-30,product,entry,any_ai,0,2,0.0,0
2026-04-30,product,entry,genai,0,2,0.0,0
2026-04-30,product,entry,ml,0,2,0.0,0
2026-04-30,product,mid,any_ai,35,110,31.8,34
2026-04-30,product,mid,genai,30,110,27.3,29
2026-04-30,product,mid,ml,10,110,9.1,10
2026-04-30,product,senior,any_ai,87,268,32.5,87
2026-04-30,product,senior,genai,68,268,25.4,66
2026-04-30,product,senior,ml,47,268,17.5,47
2026-04-30,security,all,any_ai,13,60,21.7,11
2026-04-30,security,all,genai,8,60,13.3,6
2026-04-30,security,all,ml,9,60,15.0,9
2026-04-30,security,entry,any_ai,0,1,0.0,0
2026-04-30,security,entry,genai,0,1,0.0,0
2026-04-30,security,entry,ml,0,1,0.0,0
2026-04-30,security,mid,any_ai,3,18,16.7,1
2026-04-30,security,mid,genai,3,18,16.7,1
2026-04-30,security,mid,ml,0,18,0.0,0
2026-04-30,security,senior,any_ai,10,41,24.4,10
2026-04-30,security,senior,genai,5,41,12.2,5
2026-04-30,security,senior,ml,9,41,22.0,9
2026-05-07,ai,all,any_ai,309,341,90.6,307
2026-05-07,ai,all,genai,249,341,73.0,244
2026-05-07,ai,all,ml,240,341,70.4,239
2026-05-07,ai,entry,any_ai,1,1,100.0,1
2026-05-07,ai,entry,genai,1,1,100.0,1
2026-05-07,ai,entry,ml,0,1,0.0,0
2026-05-07,ai,mid,any_ai,165,182,90.7,163
2026-05-07,ai,mid,genai,141,182,77.5,138
2026-05-07,ai,mid,ml,121,182,66.5,120
2026-05-07,ai,senior,any_ai,143,158,90.5,143
2026-05-07,ai,senior,genai,107,158,67.7,105
2026-05-07,ai,senior,ml,119,158,75.3,119
2026-05-07,data,all,any_ai,138,315,43.8,134
2026-05-07,data,all,genai,57,315,18.1,54
2026-05-07,data,all,ml,105,315,33.3,104
2026-05-07,data,entry,any_ai,1,3,33.3,1
2026-05-07,data,entry,genai,1,3,33.3,1
2026-05-07,data,entry,ml,0,3,0.0,0
2026-05-07,data,mid,any_ai,39,134,29.1,39
2026-05-07,data,mid,genai,18,134,13.4,18
2026-05-07,data,mid,ml,30,134,22.4,30
2026-05-07,data,senior,any_ai,98,178,55.1,94
2026-05-07,data,senior,genai,38,178,21.3,35
2026-05-07,data,senior,ml,75,178,42.1,74
2026-05-07,devops,all,any_ai,62,252,24.6,62
2026-05-07,devops,all,genai,44,252,17.5,44
2026-05-07,devops,all,ml,30,252,11.9,30
2026-05-07,devops,entry,any_ai,0,11,0.0,0
2026-05-07,devops,entry,genai,0,11,0.0,0
2026-05-07,devops,entry,ml,0,11,0.0,0
2026-05-07,devops,mid,any_ai,35,121,28.9,35
2026-05-07,devops,mid,genai,31,121,25.6,31
2026-05-07,devops,mid,ml,12,121,9.9,12
2026-05-07,devops,senior,any_ai,27,120,22.5,27
2026-05-07,devops,senior,genai,13,120,10.8,13
2026-05-07,devops,senior,ml,18,120,15.0,18
2026-05-07,engineering,all,any_ai,357,1124,31.8,350
2026-05-07,engineering,all,genai,205,1124,18.2,199
2026-05-07,engineering,all,ml,242,1124,21.5,237
2026-05-07,engineering,entry,any_ai,8,20,40.0,7
2026-05-07,engineering,entry,genai,5,20,25.0,4
2026-05-07,engineering,entry,ml,5,20,25.0,5
2026-05-07,engineering,mid,any_ai,75,371,20.2,73
2026-05-07,engineering,mid,genai,46,371,12.4,45
2026-05-07,engineering,mid,ml,48,371,12.9,44
2026-05-07,engineering,senior,any_ai,274,733,37.4,270
2026-05-07,engineering,senior,genai,154,733,21.0,150
2026-05-07,engineering,senior,ml,189,733,25.8,188
2026-05-07,product,all,any_ai,108,365,29.6,107
2026-05-07,product,all,genai,82,365,22.5,79
2026-05-07,product,all,ml,54,365,14.8,54
2026-05-07,product,entry,any_ai,0,1,0.0,0
2026-05-07,product,entry,genai,0,1,0.0,0
2026-05-07,product,entry,ml,0,1,0.0,0
2026-05-07,product,mid,any_ai,32,106,30.2,31
2026-05-07,product,mid,genai,24,106,22.6,23
2026-05-07,product,mid,ml,12,106,11.3,12
2026-05-07,product,senior,any_ai,76,258,29.5,76
2026-05-07,product,senior,genai,58,258,22.5,56
2026-05-07,product,senior,ml,42,258,16.3,42
2026-05-07,security,all,any_ai,15,73,20.5,11
2026-05-07,security,all,genai,10,73,13.7,6
2026-05-07,security,all,ml,9,73,12.3,9
2026-05-07,security,entry,any_ai,0,1,0.0,0
2026-05-07,security,entry,genai,0,1,0.0,0
2026-05-07,security,entry,ml,0,1,0.0,0
2026-05-07,security,mid,any_ai,3,18,16.7,1
2026-05-07,security,mid,genai,3,18,16.7,1
2026-05-07,security,mid,ml,0,18,0.0,0
2026-05-07,security,senior,any_ai,12,54,22.2,10
2026-05-07,security,senior,genai,7,54,13.0,5
2026-05-07,security,senior,ml,9,54,16.7,9
2026-05-14,ai,all,any_ai,294,318,92.5,292
2026-05-14,ai,all,genai,241,318,75.8,236
2026-05-14,ai,all,ml,232,318,73.0,230
2026-05-14,ai,mid,any_ai,164,174,94.3,162
2026-05-14,ai,mid,genai,141,174,81.0,138
2026-05-14,ai,mid,ml,122,174,70.1,120
2026-05-14,ai,senior,any_ai,130,144,90.3,130
2026-05-14,ai,senior,genai,100,144,69.4,98
2026-05-14,ai,senior,ml,110,144,76.4,110
2026-05-14,data,all,any_ai,99,251,39.4,95
2026-05-14,data,all,genai,43,251,17.1,40
2026-05-14,data,all,ml,78,251,31.1,77
2026-05-14,data,entry,any_ai,0,3,0.0,0
2026-05-14,data,entry,genai,0,3,0.0,0
2026-05-14,data,entry,ml,0,3,0.0,0
2026-05-14,data,mid,any_ai,28,98,28.6,28
2026-05-14,data,mid,genai,14,98,14.3,14
2026-05-14,data,mid,ml,23,98,23.5,23
2026-05-14,data,senior,any_ai,71,150,47.3,67
2026-05-14,data,senior,genai,29,150,19.3,26
2026-05-14,data,senior,ml,55,150,36.7,54
2026-05-14,devops,all,any_ai,68,182,37.4,58
2026-05-14,devops,all,genai,56,182,30.8,46
2026-05-14,devops,all,ml,24,182,13.2,24
2026-05-14,devops,mid,any_ai,45,100,45.0,35
2026-05-14,devops,mid,genai,41,100,41.0,31
2026-05-14,devops,mid,ml,12,100,12.0,12
2026-05-14,devops,senior,any_ai,23,82,28.0,23
2026-05-14,devops,senior,genai,15,82,18.3,15
2026-05-14,devops,senior,ml,12,82,14.6,12
2026-05-14,engineering,all,any_ai,294,1024,28.7,285
2026-05-14,engineering,all,genai,180,1024,17.6,172
2026-05-14,engineering,all,ml,197,1024,19.2,192
2026-05-14,engineering,entry,any_ai,7,19,36.8,6
2026-05-14,engineering,entry,genai,5,19,26.3,4
2026-05-14,engineering,entry,ml,4,19,21.1,4
2026-05-14,engineering,mid,any_ai,67,351,19.1,64
2026-05-14,engineering,mid,genai,45,351,12.8,43
2026-05-14,engineering,mid,ml,41,351,11.7,37
2026-05-14,engineering,senior,any_ai,220,654,33.6,215
2026-05-14,engineering,senior,genai,130,654,19.9,125
2026-05-14,engineering,senior,ml,152,654,23.2,151
2026-05-14,product,all,any_ai,112,357,31.4,110
2026-05-14,product,all,genai,84,357,23.5,81
2026-05-14,product,all,ml,56,357,15.7,55
2026-05-14,product,mid,any_ai,33,102,32.4,32
2026-05-14,product,mid,genai,24,102,23.5,23
2026-05-14,product,mid,ml,13,102,12.7,13
2026-05-14,product,senior,any_ai,79,255,31.0,78
2026-05-14,product,senior,genai,60,255,23.5,58
2026-05-14,product,senior,ml,43,255,16.9,42
2026-05-14,security,all,any_ai,16,53,30.2,12
2026-05-14,security,all,genai,12,53,22.6,8
2026-05-14,security,all,ml,7,53,13.2,7
2026-05-14,security,entry,any_ai,0,1,0.0,0
2026-05-14,security,entry,genai,0,1,0.0,0
2026-05-14,security,entry,ml,0,1,0.0,0
2026-05-14,security,mid,any_ai,5,17,29.4,3
2026-05-14,security,mid,genai,5,17,29.4,3
2026-05-14,security,mid,ml,0,17,0.0,0
2026-05-14,security,senior,any_ai,11,35,31.4,9
2026-05-14,security,senior,genai,7,35,20.0,5
2026-05-14,security,senior,ml,7,35,20.0,7
2026-05-21,ai,all,any_ai,305,345,88.4,303
2026-05-21,ai,all,genai,241,345,69.9,236
2026-05-21,ai,all,ml,240,345,69.6,238
2026-05-21,ai,mid,any_ai,164,185,88.6,162
2026-05-21,ai,mid,genai,136,185,73.5,133
2026-05-21,ai,mid,ml,122,185,65.9,120
2026-05-21,ai,senior,any_ai,141,160,88.1,141
2026-05-21,ai,senior,genai,105,160,65.6,103
2026-05-21,ai,senior,ml,118,160,73.8,118
2026-05-21,data,all,any_ai,86,219,39.3,82
2026-05-21,data,all,genai,36,219,16.4,33
2026-05-21,data,all,ml,67,219,30.6,66
2026-05-21,data,entry,any_ai,0,3,0.0,0
2026-05-21,data,entry,genai,0,3,0.0,0
2026-05-21,data,entry,ml,0,3,0.0,0
2026-05-21,data,mid,any_ai,23,80,28.7,23
2026-05-21,data,mid,genai,12,80,15.0,12
2026-05-21,data,mid,ml,18,80,22.5,18
2026-05-21,data,senior,any_ai,63,136,46.3,59
2026-05-21,data,senior,genai,24,136,17.6,21
2026-05-21,data,senior,ml,49,136,36.0,48
2026-05-21,devops,all,any_ai,65,182,35.7,55
2026-05-21,devops,all,genai,54,182,29.7,44
2026-05-21,devops,all,ml,23,182,12.6,23
2026-05-21,devops,entry,any_ai,0,1,0.0,0
2026-05-21,devops,entry,genai,0,1,0.0,0
2026-05-21,devops,entry,ml,0,1,0.0,0
2026-05-21,devops,mid,any_ai,43,104,41.3,33
2026-05-21,devops,mid,genai,40,104,38.5,30
2026-05-21,devops,mid,ml,11,104,10.6,11
2026-05-21,devops,senior,any_ai,22,77,28.6,22
2026-05-21,devops,senior,genai,14,77,18.2,14
2026-05-21,devops,senior,ml,12,77,15.6,12
2026-05-21,engineering,all,any_ai,302,1048,28.8,291
2026-05-21,engineering,all,genai,190,1048,18.1,180
2026-05-21,engineering,all,ml,198,1048,18.9,192
2026-05-21,engineering,entry,any_ai,7,19,36.8,6
2026-05-21,engineering,entry,genai,5,19,26.3,4
2026-05-21,engineering,entry,ml,4,19,21.1,4
2026-05-21,engineering,mid,any_ai,72,357,20.2,69
2026-05-21,engineering,mid,genai,52,357,14.6,50
2026-05-21,engineering,mid,ml,39,357,10.9,35
2026-05-21,engineering,senior,any_ai,223,672,33.2,216
2026-05-21,engineering,senior,genai,133,672,19.8,126
2026-05-21,engineering,senior,ml,155,672,23.1,153
2026-05-21,product,all,any_ai,111,364,30.5,109
2026-05-21,product,all,genai,84,364,23.1,81
2026-05-21,product,all,ml,55,364,15.1,54
2026-05-21,product,entry,any_ai,0,1,0.0,0
2026-05-21,product,entry,genai,0,1,0.0,0
2026-05-21,product,entry,ml,0,1,0.0,0
2026-05-21,product,mid,any_ai,33,107,30.8,32
2026-05-21,product,mid,genai,24,107,22.4,23
2026-05-21,product,mid,ml,13,107,12.1,13
2026-05-21,product,senior,any_ai,78,256,30.5,77
2026-05-21,product,senior,genai,60,256,23.4,58
2026-05-21,product,senior,ml,42,256,16.4,41
2026-05-21,security,all,any_ai,11,41,26.8,7
2026-05-21,security,all,genai,11,41,26.8,7
2026-05-21,security,all,ml,2,41,4.9,2
2026-05-21,security,mid,any_ai,5,14,35.7,3
2026-05-21,security,mid,genai,5,14,35.7,3
2026-05-21,security,mid,ml,0,14,0.0,0
2026-05-21,security,senior,any_ai,6,27,22.2,4
2026-05-21,security,senior,genai,6,27,22.2,4
2026-05-21,security,senior,ml,2,27,7.4,2
2026-05-28,ai,all,any_ai,300,336,89.3,298
2026-05-28,ai,all,genai,241,336,71.7,236
2026-05-28,ai,all,ml,238,336,70.8,236
2026-05-28,ai,entry,any_ai,1,2,50.0,1
2026-05-28,ai,entry,genai,0,2,0.0,0
2026-05-28,ai,entry,ml,1,2,50.0,1
2026-05-28,ai,mid,any_ai,167,181,92.3,165
2026-05-28,ai,mid,genai,140,181,77.3,137
2026-05-28,ai,mid,ml,126,181,69.6,124
2026-05-28,ai,senior,any_ai,132,153,86.3,132
2026-05-28,ai,senior,genai,101,153,66.0,99
2026-05-28,ai,senior,ml,111,153,72.5,111
2026-05-28,data,all,any_ai,78,249,31.3,74
2026-05-28,data,all,genai,35,249,14.1,32
2026-05-28,data,all,ml,60,249,24.1,59
2026-05-28,data,entry,any_ai,0,3,0.0,0
2026-05-28,data,entry,genai,0,3,0.0,0
2026-05-28,data,entry,ml,0,3,0.0,0
2026-05-28,data,mid,any_ai,22,103,21.4,22
2026-05-28,data,mid,genai,12,103,11.7,12
2026-05-28,data,mid,ml,17,103,16.5,17
2026-05-28,data,senior,any_ai,56,143,39.2,52
2026-05-28,data,senior,genai,23,143,16.1,20
2026-05-28,data,senior,ml,43,143,30.1,42
2026-05-28,devops,all,any_ai,67,196,34.2,56
2026-05-28,devops,all,genai,55,196,28.1,44
2026-05-28,devops,all,ml,24,196,12.2,24
2026-05-28,devops,entry,any_ai,0,1,0.0,0
2026-05-28,devops,entry,genai,0,1,0.0,0
2026-05-28,devops,entry,ml,0,1,0.0,0
2026-05-28,devops,mid,any_ai,44,112,39.3,33
2026-05-28,devops,mid,genai,41,112,36.6,30
2026-05-28,devops,mid,ml,11,112,9.8,11
2026-05-28,devops,senior,any_ai,23,83,27.7,23
2026-05-28,devops,senior,genai,14,83,16.9,14
2026-05-28,devops,senior,ml,13,83,15.7,13
2026-05-28,engineering,all,any_ai,284,1082,26.2,271
2026-05-28,engineering,all,genai,181,1082,16.7,169
2026-05-28,engineering,all,ml,182,1082,16.8,176
2026-05-28,engineering,entry,any_ai,7,20,35.0,6
2026-05-28,engineering,entry,genai,5,20,25.0,4
2026-05-28,engineering,entry,ml,3,20,15.0,3
2026-05-28,engineering,mid,any_ai,69,381,18.1,66
2026-05-28,engineering,mid,genai,49,381,12.9,47
2026-05-28,engineering,mid,ml,34,381,8.9,30
2026-05-28,engineering,senior,any_ai,208,681,30.5,199
2026-05-28,engineering,senior,genai,127,681,18.6,118
2026-05-28,engineering,senior,ml,145,681,21.3,143
2026-05-28,product,all,any_ai,100,345,29.0,98
2026-05-28,product,all,genai,73,345,21.2,70
2026-05-28,product,all,ml,52,345,15.1,51
2026-05-28,product,entry,any_ai,0,1,0.0,0
2026-05-28,product,entry,genai,0,1,0.0,0
2026-05-28,product,entry,ml,0,1,0.0,0
2026-05-28,product,mid,any_ai,29,101,28.7,28
2026-05-28,product,mid,genai,21,101,20.8,20
2026-05-28,product,mid,ml,12,101,11.9,12
2026-05-28,product,senior,any_ai,71,243,29.2,70
2026-05-28,product,senior,genai,52,243,21.4,50
2026-05-28,product,senior,ml,40,243,16.5,39
2026-05-28,security,all,any_ai,12,45,26.7,8
2026-05-28,security,all,genai,12,45,26.7,8
2026-05-28,security,all,ml,2,45,4.4,2
2026-05-28,security,mid,any_ai,5,16,31.2,3
2026-05-28,security,mid,genai,5,16,31.2,3
2026-05-28,security,mid,ml,0,16,0.0,0
2026-05-28,security,senior,any_ai,7,29,24.1,5
2026-05-28,security,senior,genai,7,29,24.1,5
2026-05-28,security,senior,ml,2,29,6.9,2
2026-06-04,ai,all,any_ai,278,307,90.6,276
2026-06-04,ai,all,genai,221,307,72.0,214
2026-06-04,ai,all,ml,228,307,74.3,226
2026-06-04,ai,mid,any_ai,153,165,92.7,151
2026-06-04,ai,mid,genai,129,165,78.2,124
2026-06-04,ai,mid,ml,118,165,71.5,116
2026-06-04,ai,senior,any_ai,125,142,88.0,125
2026-06-04,ai,senior,genai,92,142,64.8,90
2026-06-04,ai,senior,ml,110,142,77.5,110
2026-06-04,data,all,any_ai,76,298,25.5,72
2026-06-04,data,all,genai,35,298,11.7,32
2026-06-04,data,all,ml,58,298,19.5,57
2026-06-04,data,entry,any_ai,0,3,0.0,0
2026-06-04,data,entry,genai,0,3,0.0,0
2026-06-04,data,entry,ml,0,3,0.0,0
2026-06-04,data,mid,any_ai,21,130,16.2,21
2026-06-04,data,mid,genai,11,130,8.5,11
2026-06-04,data,mid,ml,17,130,13.1,17
2026-06-04,data,senior,any_ai,55,165,33.3,51
2026-06-04,data,senior,genai,24,165,14.5,21
2026-06-04,data,senior,ml,41,165,24.8,40
2026-06-04,devops,all,any_ai,71,233,30.5,60
2026-06-04,devops,all,genai,59,233,25.3,48
2026-06-04,devops,all,ml,23,233,9.9,23
2026-06-04,devops,entry,any_ai,0,1,0.0,0
2026-06-04,devops,entry,genai,0,1,0.0,0
2026-06-04,devops,entry,ml,0,1,0.0,0
2026-06-04,devops,mid,any_ai,44,136,32.4,33
2026-06-04,devops,mid,genai,41,136,30.1,30
2026-06-04,devops,mid,ml,11,136,8.1,11
2026-06-04,devops,senior,any_ai,27,96,28.1,27
2026-06-04,devops,senior,genai,18,96,18.8,18
2026-06-04,devops,senior,ml,12,96,12.5,12
2026-06-04,engineering,all,any_ai,279,1084,25.7,264
2026-06-04,engineering,all,genai,172,1084,15.9,159
2026-06-04,engineering,all,ml,176,1084,16.2,169
2026-06-04,engineering,entry,any_ai,5,18,27.8,4
2026-06-04,engineering,entry,genai,3,18,16.7,2
2026-06-04,engineering,entry,ml,2,18,11.1,2
2026-06-04,engineering,mid,any_ai,74,404,18.3,70
2026-06-04,engineering,mid,genai,48,404,11.9,46
2026-06-04,engineering,mid,ml,39,404,9.7,34
2026-06-04,engineering,senior,any_ai,200,662,30.2,190
2026-06-04,engineering,senior,genai,121,662,18.3,111
2026-06-04,engineering,senior,ml,135,662,20.4,133
2026-06-04,product,all,any_ai,95,341,27.9,91
2026-06-04,product,all,genai,70,341,20.5,65
2026-06-04,product,all,ml,47,341,13.8,46
2026-06-04,product,entry,any_ai,0,3,0.0,0
2026-06-04,product,entry,genai,0,3,0.0,0
2026-06-04,product,entry,ml,0,3,0.0,0
2026-06-04,product,mid,any_ai,30,105,28.6,27
2026-06-04,product,mid,genai,24,105,22.9,21
2026-06-04,product,mid,ml,10,105,9.5,10
2026-06-04,product,senior,any_ai,65,233,27.9,64
2026-06-04,product,senior,genai,46,233,19.7,44
2026-06-04,product,senior,ml,37,233,15.9,36
2026-06-04,security,all,any_ai,12,57,21.1,8
2026-06-04,security,all,genai,12,57,21.1,8
2026-06-04,security,all,ml,2,57,3.5,2
2026-06-04,security,entry,any_ai,0,3,0.0,0
2026-06-04,security,entry,genai,0,3,0.0,0
2026-06-04,security,entry,ml,0,3,0.0,0
2026-06-04,security,mid,any_ai,5,24,20.8,3
2026-06-04,security,mid,genai,5,24,20.8,3
2026-06-04,security,mid,ml,0,24,0.0,0
2026-06-04,security,senior,any_ai,7,30,23.3,5
2026-06-04,security,senior,genai,7,30,23.3,5
2026-06-04,security,senior,ml,2,30,6.7,2
2026-06-11,ai,all,any_ai,219,234,93.6,217
2026-06-11,ai,all,genai,177,234,75.6,170
2026-06-11,ai,all,ml,180,234,76.9,177
2026-06-11,ai,mid,any_ai,122,125,97.6,120
2026-06-11,ai,mid,genai,103,125,82.4,98
2026-06-11,ai,mid,ml,97,125,77.6,95
2026-06-11,ai,senior,any_ai,97,109,89.0,97
2026-06-11,ai,senior,genai,74,109,67.9,72
2026-06-11,ai,senior,ml,83,109,76.1,82
2026-06-11,data,all,any_ai,62,179,34.6,58
2026-06-11,data,all,genai,25,179,14.0,22
2026-06-11,data,all,ml,50,179,27.9,49
2026-06-11,data,entry,any_ai,0,1,0.0,0
2026-06-11,data,entry,genai,0,1,0.0,0
2026-06-11,data,entry,ml,0,1,0.0,0
2026-06-11,data,mid,any_ai,16,76,21.1,16
2026-06-11,data,mid,genai,8,76,10.5,8
2026-06-11,data,mid,ml,13,76,17.1,13
2026-06-11,data,senior,any_ai,46,102,45.1,42
2026-06-11,data,senior,genai,17,102,16.7,14
2026-06-11,data,senior,ml,37,102,36.3,36
2026-06-11,devops,all,any_ai,55,170,32.4,44
2026-06-11,devops,all,genai,43,170,25.3,32
2026-06-11,devops,all,ml,20,170,11.8,20
2026-06-11,devops,entry,any_ai,0,1,0.0,0
2026-06-11,devops,entry,genai,0,1,0.0,0
2026-06-11,devops,entry,ml,0,1,0.0,0
2026-06-11,devops,mid,any_ai,37,94,39.4,26
2026-06-11,devops,mid,genai,34,94,36.2,23
2026-06-11,devops,mid,ml,8,94,8.5,8
2026-06-11,devops,senior,any_ai,18,75,24.0,18
2026-06-11,devops,senior,genai,9,75,12.0,9
2026-06-11,devops,senior,ml,12,75,16.0,12
2026-06-11,engineering,all,any_ai,246,761,32.3,230
2026-06-11,engineering,all,genai,158,761,20.8,144
2026-06-11,engineering,all,ml,151,761,19.8,144
2026-06-11,engineering,entry,any_ai,3,13,23.1,2
2026-06-11,engineering,entry,genai,3,13,23.1,2
2026-06-11,engineering,entry,ml,0,13,0.0,0
2026-06-11,engineering,mid,any_ai,62,250,24.8,57
2026-06-11,engineering,mid,genai,48,250,19.2,45
2026-06-11,engineering,mid,ml,27,250,10.8,22
2026-06-11,engineering,senior,any_ai,181,498,36.3,171
2026-06-11,engineering,senior,genai,107,498,21.5,97
2026-06-11,engineering,senior,ml,124,498,24.9,122
2026-06-11,product,all,any_ai,85,304,28.0,81
2026-06-11,product,all,genai,63,304,20.7,58
2026-06-11,product,all,ml,43,304,14.1,42
2026-06-11,product,mid,any_ai,26,95,27.4,23
2026-06-11,product,mid,genai,23,95,24.2,20
2026-06-11,product,mid,ml,8,95,8.4,8
2026-06-11,product,senior,any_ai,59,209,28.2,58
2026-06-11,product,senior,genai,40,209,19.1,38
2026-06-11,product,senior,ml,35,209,16.7,34
2026-06-11,security,all,any_ai,11,58,19.0,7
2026-06-11,security,all,genai,11,58,19.0,7
2026-06-11,security,all,ml,1,58,1.7,1
2026-06-11,security,entry,any_ai,0,3,0.0,0
2026-06-11,security,entry,genai,0,3,0.0,0
2026-06-11,security,entry,ml,0,3,0.0,0
2026-06-11,security,mid,any_ai,4,25,16.0,2
2026-06-11,security,mid,genai,4,25,16.0,2
2026-06-11,security,mid,ml,0,25,0.0,0
2026-06-11,security,senior,any_ai,7,30,23.3,5
2026-06-11,security,senior,genai,7,30,23.3,5
2026-06-11,security,senior,ml,1,30,3.3,1
2026-06-18,ai,all,any_ai,219,234,93.6,217
2026-06-18,ai,all,genai,177,234,75.6,170
2026-06-18,ai,all,ml,180,234,76.9,177
2026-06-18,ai,mid,any_ai,122,125,97.6,120
2026-06-18,ai,mid,genai,103,125,82.4,98
2026-06-18,ai,mid,ml,97,125,77.6,95
2026-06-18,ai,senior,any_ai,97,109,89.0,97
2026-06-18,ai,senior,genai,74,109,67.9,72
2026-06-18,ai,senior,ml,83,109,76.1,82
2026-06-18,data,all,any_ai,62,179,34.6,58
2026-06-18,data,all,genai,25,179,14.0,22
2026-06-18,data,all,ml,50,179,27.9,49
2026-06-18,data,entry,any_ai,0,1,0.0,0
2026-06-18,data,entry,genai,0,1,0.0,0
2026-06-18,data,entry,ml,0,1,0.0,0
2026-06-18,data,mid,any_ai,16,76,21.1,16
2026-06-18,data,mid,genai,8,76,10.5,8
2026-06-18,data,mid,ml,13,76,17.1,13
2026-06-18,data,senior,any_ai,46,102,45.1,42
2026-06-18,data,senior,genai,17,102,16.7,14
2026-06-18,data,senior,ml,37,102,36.3,36
2026-06-18,devops,all,any_ai,55,170,32.4,44
2026-06-18,devops,all,genai,43,170,25.3,32
2026-06-18,devops,all,ml,20,170,11.8,20
2026-06-18,devops,entry,any_ai,0,1,0.0,0
2026-06-18,devops,entry,genai,0,1,0.0,0
2026-06-18,devops,entry,ml,0,1,0.0,0
2026-06-18,devops,mid,any_ai,37,94,39.4,26
2026-06-18,devops,mid,genai,34,94,36.2,23
2026-06-18,devops,mid,ml,8,94,8.5,8
2026-06-18,devops,senior,any_ai,18,75,24.0,18
2026-06-18,devops,senior,genai,9,75,12.0,9
2026-06-18,devops,senior,ml,12,75,16.0,12
2026-06-18,engineering,all,any_ai,246,761,32.3,230
2026-06-18,engineering,all,genai,158,761,20.8,144
2026-06-18,engineering,all,ml,151,761,19.8,144
2026-06-18,engineering,entry,any_ai,3,13,23.1,2
2026-06-18,engineering,entry,genai,3,13,23.1,2
2026-06-18,engineering,entry,ml,0,13,0.0,0
2026-06-18,engineering,mid,any_ai,62,250,24.8,57
2026-06-18,engineering,mid,genai,48,250,19.2,45
2026-06-18,engineering,mid,ml,27,250,10.8,22
2026-06-18,engineering,senior,any_ai,181,498,36.3,171
2026-06-18,engineering,senior,genai,107,498,21.5,97
2026-06-18,engineering,senior,ml,124,498,24.9,122
2026-06-18,product,all,any_ai,85,304,28.0,81
2026-06-18,product,all,genai,63,304,20.7,58
2026-06-18,product,all,ml,43,304,14.1,42
2026-06-18,product,mid,any_ai,26,95,27.4,23
2026-06-18,product,mid,genai,23,95,24.2,20
2026-06-18,product,mid,ml,8,95,8.4,8
2026-06-18,product,senior,any_ai,59,209,28.2,58
2026-06-18,product,senior,genai,40,209,19.1,38
2026-06-18,product,senior,ml,35,209,16.7,34
2026-06-18,security,all,any_ai,11,58,19.0,7
2026-06-18,security,all,genai,11,58,19.0,7
2026-06-18,security,all,ml,1,58,1.7,1
2026-06-18,security,entry,any_ai,0,3,0.0,0
2026-06-18,security,entry,genai,0,3,0.0,0
2026-06-18,security,entry,ml,0,3,0.0,0
2026-06-18,security,mid,any_ai,4,25,16.0,2
2026-06-18,security,mid,genai,4,25,16.0,2
2026-06-18,security,mid,ml,0,25,0.0,0
2026-06-18,security,senior,any_ai,7,30,23.3,5
2026-06-18,security,senior,genai,7,30,23.3,5
2026-06-18,security,senior,ml,1,30,3.3,1
2026-06-25,ai,all,any_ai,427,579,73.7,424
2026-06-25,ai,all,genai,276,579,47.7,268
2026-06-25,ai,all,ml,327,579,56.5,324
2026-06-25,ai,entry,any_ai,6,11,54.5,6
2026-06-25,ai,entry,genai,0,11,0.0,0
2026-06-25,ai,entry,ml,6,11,54.5,6
2026-06-25,ai,mid,any_ai,225,307,73.3,222
2026-06-25,ai,mid,genai,147,307,47.9,141
2026-06-25,ai,mid,ml,172,307,56.0,170
2026-06-25,ai,senior,any_ai,196,261,75.1,196
2026-06-25,ai,senior,genai,129,261,49.4,127
2026-06-25,ai,senior,ml,149,261,57.1,148
2026-06-25,data,all,any_ai,193,1102,17.5,189
2026-06-25,data,all,genai,60,1102,5.4,57
2026-06-25,data,all,ml,161,1102,14.6,160
2026-06-25,data,entry,any_ai,2,24,8.3,2
2026-06-25,data,entry,genai,1,24,4.2,1
2026-06-25,data,entry,ml,1,24,4.2,1
2026-06-25,data,mid,any_ai,82,625,13.1,82
2026-06-25,data,mid,genai,25,625,4.0,25
2026-06-25,data,mid,ml,68,625,10.9,68
2026-06-25,data,senior,any_ai,109,453,24.1,105
2026-06-25,data,senior,genai,34,453,7.5,31
2026-06-25,data,senior,ml,92,453,20.3,91
2026-06-25,devops,all,any_ai,82,592,13.9,69
2026-06-25,devops,all,genai,53,592,9.0,42
2026-06-25,devops,all,ml,42,592,7.1,40
2026-06-25,devops,entry,any_ai,0,5,0.0,0
2026-06-25,devops,entry,genai,0,5,0.0,0
2026-06-25,devops,entry,ml,0,5,0.0,0
2026-06-25,devops,mid,any_ai,42,341,12.3,29
2026-06-25,devops,mid,genai,35,341,10.3,24
2026-06-25,devops,mid,ml,12,341,3.5,10
2026-06-25,devops,senior,any_ai,40,246,16.3,40
2026-06-25,devops,senior,genai,18,246,7.3,18
2026-06-25,devops,senior,ml,30,246,12.2,30
2026-06-25,engineering,all,any_ai,335,1676,20.0,314
2026-06-25,engineering,all,genai,231,1676,13.8,211
2026-06-25,engineering,all,ml,185,1676,11.0,175
2026-06-25,engineering,entry,any_ai,3,32,9.4,2
2026-06-25,engineering,entry,genai,3,32,9.4,2
2026-06-25,engineering,entry,ml,0,32,0.0,0
2026-06-25,engineering,mid,any_ai,106,643,16.5,101
2026-06-25,engineering,mid,genai,82,643,12.8,79
2026-06-25,engineering,mid,ml,39,643,6.1,34
2026-06-25,engineering,senior,any_ai,226,1001,22.6,211
2026-06-25,engineering,senior,genai,146,1001,14.6,130
2026-06-25,engineering,senior,ml,146,1001,14.6,141
2026-06-25,product,all,any_ai,126,590,21.4,117
2026-06-25,product,all,genai,90,590,15.3,82
2026-06-25,product,all,ml,68,590,11.5,65
2026-06-25,product,entry,any_ai,0,7,0.0,0
2026-06-25,product,entry,genai,0,7,0.0,0
2026-06-25,product,entry,ml,0,7,0.0,0
2026-06-25,product,mid,any_ai,43,251,17.1,38
2026-06-25,product,mid,genai,32,251,12.7,29
2026-06-25,product,mid,ml,23,251,9.2,21
2026-06-25,product,senior,any_ai,83,332,25.0,79
2026-06-25,product,senior,genai,58,332,17.5,53
2026-06-25,product,senior,ml,45,332,13.6,44
2026-06-25,security,all,any_ai,14,258,5.4,9
2026-06-25,security,all,genai,13,258,5.0,8
2026-06-25,security,all,ml,2,258,0.8,2
2026-06-25,security,entry,any_ai,0,9,0.0,0
2026-06-25,security,entry,genai,0,9,0.0,0
2026-06-25,security,entry,ml,0,9,0.0,0
2026-06-25,security,mid,any_ai,5,161,3.1,3
2026-06-25,security,mid,genai,4,161,2.5,2
2026-06-25,security,mid,ml,1,161,0.6,1
2026-06-25,security,senior,any_ai,9,88,10.2,6
2026-06-25,security,senior,genai,9,88,10.2,6
2026-06-25,security,senior,ml,1,88,1.1,1
2026-07-02,ai,all,any_ai,321,390,82.3,317
2026-07-02,ai,all,genai,235,390,60.3,226
2026-07-02,ai,all,ml,254,390,65.1,250
2026-07-02,ai,entry,any_ai,2,4,50.0,2
2026-07-02,ai,entry,genai,0,4,0.0,0
2026-07-02,ai,entry,ml,2,4,50.0,2
2026-07-02,ai,mid,any_ai,178,205,86.8,175
2026-07-02,ai,mid,genai,130,205,63.4,124
2026-07-02,ai,mid,ml,135,205,65.9,133
2026-07-02,ai,senior,any_ai,141,181,77.9,140
2026-07-02,ai,senior,genai,105,181,58.0,102
2026-07-02,ai,senior,ml,117,181,64.6,115
2026-07-02,data,all,any_ai,175,786,22.3,171
2026-07-02,data,all,genai,70,786,8.9,67
2026-07-02,data,all,ml,154,786,19.6,153
2026-07-02,data,entry,any_ai,0,9,0.0,0
2026-07-02,data,entry,genai,0,9,0.0,0
2026-07-02,data,entry,ml,0,9,0.0,0
2026-07-02,data,mid,any_ai,92,461,20.0,92
2026-07-02,data,mid,genai,38,461,8.2,38
2026-07-02,data,mid,ml,85,461,18.4,85
2026-07-02,data,senior,any_ai,83,316,26.3,79
2026-07-02,data,senior,genai,32,316,10.1,29
2026-07-02,data,senior,ml,69,316,21.8,68
2026-07-02,devops,all,any_ai,68,390,17.4,55
2026-07-02,devops,all,genai,52,390,13.3,41
2026-07-02,devops,all,ml,23,390,5.9,21
2026-07-02,devops,entry,any_ai,0,10,0.0,0
2026-07-02,devops,entry,genai,0,10,0.0,0
2026-07-02,devops,entry,ml,0,10,0.0,0
2026-07-02,devops,mid,any_ai,42,236,17.8,29
2026-07-02,devops,mid,genai,36,236,15.3,25
2026-07-02,devops,mid,ml,10,236,4.2,8
2026-07-02,devops,senior,any_ai,26,144,18.1,26
2026-07-02,devops,senior,genai,16,144,11.1,16
2026-07-02,devops,senior,ml,13,144,9.0,13
2026-07-02,engineering,all,any_ai,340,1924,17.7,317
2026-07-02,engineering,all,genai,226,1924,11.7,205
2026-07-02,engineering,all,ml,205,1924,10.7,192
2026-07-02,engineering,entry,any_ai,4,45,8.9,3
2026-07-02,engineering,entry,genai,4,45,8.9,3
2026-07-02,engineering,entry,ml,0,45,0.0,0
2026-07-02,engineering,mid,any_ai,97,763,12.7,89
2026-07-02,engineering,mid,genai,72,763,9.4,69
2026-07-02,engineering,mid,ml,45,763,5.9,37
2026-07-02,engineering,senior,any_ai,239,1116,21.4,225
2026-07-02,engineering,senior,genai,150,1116,13.4,133
2026-07-02,engineering,senior,ml,160,1116,14.3,155
2026-07-02,product,all,any_ai,135,594,22.7,125
2026-07-02,product,all,genai,103,594,17.3,94
2026-07-02,product,all,ml,66,594,11.1,63
2026-07-02,product,entry,any_ai,0,3,0.0,0
2026-07-02,product,entry,genai,0,3,0.0,0
2026-07-02,product,entry,ml,0,3,0.0,0
2026-07-02,product,mid,any_ai,39,261,14.9,34
2026-07-02,product,mid,genai,34,261,13.0,31
2026-07-02,product,mid,ml,18,261,6.9,16
2026-07-02,product,senior,any_ai,96,330,29.1,91
2026-07-02,product,senior,genai,69,330,20.9,63
2026-07-02,product,senior,ml,48,330,14.5,47
2026-07-02,security,all,any_ai,14,96,14.6,9
2026-07-02,security,all,genai,14,96,14.6,9
2026-07-02,security,all,ml,3,96,3.1,2
2026-07-02,security,entry,any_ai,0,6,0.0,0
2026-07-02,security,entry,genai,0,6,0.0,0
2026-07-02,security,entry,ml,0,6,0.0,0
2026-07-02,security,mid,any_ai,4,41,9.8,2
2026-07-02,security,mid,genai,4,41,9.8,2
2026-07-02,security,mid,ml,0,41,0.0,0
2026-07-02,security,senior,any_ai,10,49,20.4,7
2026-07-02,security,senior,genai,10,49,20.4,7
2026-07-02,security,senior,ml,3,49,6.1,2
2026-07-09,ai,all,any_ai,362,553,65.5,357
2026-07-09,ai,all,genai,240,553,43.4,231
2026-07-09,ai,all,ml,287,553,51.9,282
2026-07-09,ai,entry,any_ai,0,5,0.0,0
2026-07-09,ai,entry,genai,0,5,0.0,0
2026-07-09,ai,entry,ml,0,5,0.0,0
2026-07-09,ai,mid,any_ai,194,283,68.6,190
2026-07-09,ai,mid,genai,128,283,45.2,122
2026-07-09,ai,mid,ml,154,283,54.4,151
2026-07-09,ai,senior,any_ai,168,265,63.4,167
2026-07-09,ai,senior,genai,112,265,42.3,109
2026-07-09,ai,senior,ml,133,265,50.2,131
2026-07-09,data,all,any_ai,176,1299,13.5,168
2026-07-09,data,all,genai,68,1299,5.2,66
2026-07-09,data,all,ml,152,1299,11.7,146
2026-07-09,data,entry,any_ai,5,77,6.5,5
2026-07-09,data,entry,genai,0,77,0.0,0
2026-07-09,data,entry,ml,5,77,6.5,5
2026-07-09,data,mid,any_ai,78,691,11.3,72
2026-07-09,data,mid,genai,35,691,5.1,35
2026-07-09,data,mid,ml,73,691,10.6,67
2026-07-09,data,senior,any_ai,93,531,17.5,91
2026-07-09,data,senior,genai,33,531,6.2,31
2026-07-09,data,senior,ml,74,531,13.9,74
2026-07-09,devops,all,any_ai,68,753,9.0,63
2026-07-09,devops,all,genai,48,753,6.4,44
2026-07-09,devops,all,ml,28,753,3.7,27
2026-07-09,devops,entry,any_ai,0,13,0.0,0
2026-07-09,devops,entry,genai,0,13,0.0,0
2026-07-09,devops,entry,ml,0,13,0.0,0
2026-07-09,devops,mid,any_ai,32,427,7.5,27
2026-07-09,devops,mid,genai,28,427,6.6,24
2026-07-09,devops,mid,ml,9,427,2.1,8
2026-07-09,devops,senior,any_ai,36,313,11.5,36
2026-07-09,devops,senior,genai,20,313,6.4,20
2026-07-09,devops,senior,ml,19,313,6.1,19
2026-07-09,engineering,all,any_ai,285,1879,15.2,264
2026-07-09,engineering,all,genai,192,1879,10.2,170
2026-07-09,engineering,all,ml,170,1879,9.0,160
2026-07-09,engineering,entry,any_ai,3,35,8.6,2
2026-07-09,engineering,entry,genai,3,35,8.6,2
2026-07-09,engineering,entry,ml,0,35,0.0,0
2026-07-09,engineering,mid,any_ai,79,669,11.8,73
2026-07-09,engineering,mid,genai,59,669,8.8,55
2026-07-09,engineering,mid,ml,35,669,5.2,30
2026-07-09,engineering,senior,any_ai,203,1175,17.3,189
2026-07-09,engineering,senior,genai,130,1175,11.1,113
2026-07-09,engineering,senior,ml,135,1175,11.5,130
2026-07-09,product,all,any_ai,122,447,27.3,110
2026-07-09,product,all,genai,92,447,20.6,81
2026-07-09,product,all,ml,61,447,13.6,58
2026-07-09,product,entry,any_ai,0,4,0.0,0
2026-07-09,product,entry,genai,0,4,0.0,0
2026-07-09,product,entry,ml,0,4,0.0,0
2026-07-09,product,mid,any_ai,32,162,19.8,27
2026-07-09,product,mid,genai,29,162,17.9,26
2026-07-09,product,mid,ml,14,162,8.6,12
2026-07-09,product,senior,any_ai,90,281,32.0,83
2026-07-09,product,senior,genai,63,281,22.4,55
2026-07-09,product,senior,ml,47,281,16.7,46
2026-07-09,security,all,any_ai,15,55,27.3,10
2026-07-09,security,all,genai,15,55,27.3,10
2026-07-09,security,all,ml,3,55,5.5,2
2026-07-09,security,entry,any_ai,0,3,0.0,0
2026-07-09,security,entry,genai,0,3,0.0,0
2026-07-09,security,entry,ml,0,3,0.0,0
2026-07-09,security,mid,any_ai,4,29,13.8,2
2026-07-09,security,mid,genai,4,29,13.8,2
2026-07-09,security,mid,ml,0,29,0.0,0
2026-07-09,security,senior,any_ai,11,23,47.8,8
2026-07-09,security,senior,genai,11,23,47.8,8
2026-07-09,security,senior,ml,3,23,13.0,2
2026-07-10,ai,all,any_ai,1008,2201,45.8,1003
2026-07-10,ai,all,genai,515,2201,23.4,507
2026-07-10,ai,all,ml,764,2201,34.7,757
2026-07-10,ai,entry,any_ai,16,80,20.0,16
2026-07-10,ai,entry,genai,4,80,5.0,4
2026-07-10,ai,entry,ml,15,80,18.8,15
2026-07-10,ai,mid,any_ai,495,1104,44.8,491
2026-07-10,ai,mid,genai,273,1104,24.7,268
2026-07-10,ai,mid,ml,349,1104,31.6,346
2026-07-10,ai,senior,any_ai,497,1017,48.9,496
2026-07-10,ai,senior,genai,238,1017,23.4,235
2026-07-10,ai,senior,ml,400,1017,39.3,396
2026-07-10,data,all,any_ai,501,5188,9.7,491
2026-07-10,data,all,genai,145,5188,2.8,142
2026-07-10,data,all,ml,427,5188,8.2,420
2026-07-10,data,entry,any_ai,29,289,10.0,29
2026-07-10,data,entry,genai,1,289,0.3,1
2026-07-10,data,entry,ml,28,289,9.7,28
2026-07-10,data,mid,any_ai,237,2985,7.9,233
2026-07-10,data,mid,genai,75,2985,2.5,74
2026-07-10,data,mid,ml,203,2985,6.8,200
2026-07-10,data,senior,any_ai,235,1914,12.3,229
2026-07-10,data,senior,genai,69,1914,3.6,67
2026-07-10,data,senior,ml,196,1914,10.2,192
2026-07-10,devops,all,any_ai,99,2767,3.6,93
2026-07-10,devops,all,genai,44,2767,1.6,40
2026-07-10,devops,all,ml,65,2767,2.3,63
2026-07-10,devops,entry,any_ai,0,45,0.0,0
2026-07-10,devops,entry,genai,0,45,0.0,0
2026-07-10,devops,entry,ml,0,45,0.0,0
2026-07-10,devops,mid,any_ai,47,1609,2.9,41
2026-07-10,devops,mid,genai,25,1609,1.6,21
2026-07-10,devops,mid,ml,26,1609,1.6,24
2026-07-10,devops,senior,any_ai,52,1113,4.7,52
2026-07-10,devops,senior,genai,19,1113,1.7,19
2026-07-10,devops,senior,ml,39,1113,3.5,39
2026-07-10,engineering,all,any_ai,776,7841,9.9,746
2026-07-10,engineering,all,genai,524,7841,6.7,495
2026-07-10,engineering,all,ml,399,7841,5.1,384
2026-07-10,engineering,entry,any_ai,5,207,2.4,4
2026-07-10,engineering,entry,genai,5,207,2.4,4
2026-07-10,engineering,entry,ml,0,207,0.0,0
2026-07-10,engineering,mid,any_ai,253,3130,8.1,244
2026-07-10,engineering,mid,genai,160,3130,5.1,155
2026-07-10,engineering,mid,ml,133,3130,4.2,124
2026-07-10,engineering,senior,any_ai,518,4504,11.5,498
2026-07-10,engineering,senior,genai,359,4504,8.0,336
2026-07-10,engineering,senior,ml,266,4504,5.9,260
2026-07-10,product,all,any_ai,182,1512,12.0,167
2026-07-10,product,all,genai,140,1512,9.3,125
2026-07-10,product,all,ml,77,1512,5.1,75
2026-07-10,product,entry,any_ai,0,20,0.0,0
2026-07-10,product,entry,genai,0,20,0.0,0
2026-07-10,product,entry,ml,0,20,0.0,0
2026-07-10,product,mid,any_ai,53,721,7.4,48
2026-07-10,product,mid,genai,42,721,5.8,38
2026-07-10,product,mid,ml,22,721,3.1,21
2026-07-10,product,senior,any_ai,129,771,16.7,119
2026-07-10,product,senior,genai,98,771,12.7,87
2026-07-10,product,senior,ml,55,771,7.1,54
2026-07-10,security,all,any_ai,44,1348,3.3,33
2026-07-10,security,all,genai,33,1348,2.4,23
2026-07-10,security,all,ml,18,1348,1.3,16
2026-07-10,security,entry,any_ai,0,86,0.0,0
2026-07-10,security,entry,genai,0,86,0.0,0
2026-07-10,security,entry,ml,0,86,0.0,0
2026-07-10,security,mid,any_ai,15,817,1.8,11
2026-07-10,security,mid,genai,10,817,1.2,6
2026-07-10,security,mid,ml,5,817,0.6,5
2026-07-10,security,senior,any_ai,29,445,6.5,22
2026-07-10,security,senior,genai,23,445,5.2,17
2026-07-10,security,senior,ml,13,445,2.9,11
2026-07-11,ai,all,any_ai,1035,2297,45.1,1030
2026-07-11,ai,all,genai,528,2297,23.0,520
2026-07-11,ai,all,ml,784,2297,34.1,777
2026-07-11,ai,entry,any_ai,17,82,20.7,17
2026-07-11,ai,entry,genai,4,82,4.9,4
2026-07-11,ai,entry,ml,16,82,19.5,16
2026-07-11,ai,mid,any_ai,513,1164,44.1,509
2026-07-11,ai,mid,genai,283,1164,24.3,278
2026-07-11,ai,mid,ml,361,1164,31.0,358
2026-07-11,ai,senior,any_ai,505,1051,48.0,504
2026-07-11,ai,senior,genai,241,1051,22.9,238
2026-07-11,ai,senior,ml,407,1051,38.7,403
2026-07-11,data,all,any_ai,517,5453,9.5,507
2026-07-11,data,all,genai,154,5453,2.8,151
2026-07-11,data,all,ml,442,5453,8.1,435
2026-07-11,data,entry,any_ai,29,302,9.6,29
2026-07-11,data,entry,genai,1,302,0.3,1
2026-07-11,data,entry,ml,28,302,9.3,28
2026-07-11,data,mid,any_ai,244,3141,7.8,240
2026-07-11,data,mid,genai,76,3141,2.4,75
2026-07-11,data,mid,ml,210,3141,6.7,207
2026-07-11,data,senior,any_ai,244,2010,12.1,238
2026-07-11,data,senior,genai,77,2010,3.8,75
2026-07-11,data,senior,ml,204,2010,10.1,200
2026-07-11,devops,all,any_ai,104,2922,3.6,98
2026-07-11,devops,all,genai,46,2922,1.6,42
2026-07-11,devops,all,ml,69,2922,2.4,67
2026-07-11,devops,entry,any_ai,0,45,0.0,0
2026-07-11,devops,entry,genai,0,45,0.0,0
2026-07-11,devops,entry,ml,0,45,0.0,0
2026-07-11,devops,mid,any_ai,49,1700,2.9,43
2026-07-11,devops,mid,genai,26,1700,1.5,22
2026-07-11,devops,mid,ml,27,1700,1.6,25
2026-07-11,devops,senior,any_ai,55,1177,4.7,55
2026-07-11,devops,senior,genai,20,1177,1.7,20
2026-07-11,devops,senior,ml,42,1177,3.6,42
2026-07-11,engineering,all,any_ai,827,8258,10.0,797
2026-07-11,engineering,all,genai,569,8258,6.9,540
2026-07-11,engineering,all,ml,410,8258,5.0,395
2026-07-11,engineering,entry,any_ai,6,217,2.8,5
2026-07-11,engineering,entry,genai,5,217,2.3,4
2026-07-11,engineering,entry,ml,1,217,0.5,1
2026-07-11,engineering,mid,any_ai,259,3270,7.9,250
2026-07-11,engineering,mid,genai,165,3270,5.0,160
2026-07-11,engineering,mid,ml,136,3270,4.2,127
2026-07-11,engineering,senior,any_ai,562,4771,11.8,542
2026-07-11,engineering,senior,genai,399,4771,8.4,376
2026-07-11,engineering,senior,ml,273,4771,5.7,267
2026-07-11,product,all,any_ai,186,1579,11.8,171
2026-07-11,product,all,genai,144,1579,9.1,129
2026-07-11,product,all,ml,79,1579,5.0,77
2026-07-11,product,entry,any_ai,0,20,0.0,0
2026-07-11,product,entry,genai,0,20,0.0,0
2026-07-11,product,entry,ml,0,20,0.0,0
2026-07-11,product,mid,any_ai,55,754,7.3,50
2026-07-11,product,mid,genai,44,754,5.8,40
2026-07-11,product,mid,ml,22,754,2.9,21
2026-07-11,product,senior,any_ai,131,805,16.3,121
2026-07-11,product,senior,genai,100,805,12.4,89
2026-07-11,product,senior,ml,57,805,7.1,56
2026-07-11,security,all,any_ai,49,1443,3.4,36
2026-07-11,security,all,genai,38,1443,2.6,26
2026-07-11,security,all,ml,19,1443,1.3,16
2026-07-11,security,entry,any_ai,0,88,0.0,0
2026-07-11,security,entry,genai,0,88,0.0,0
2026-07-11,security,entry,ml,0,88,0.0,0
2026-07-11,security,mid,any_ai,18,871,2.1,13
2026-07-11,security,mid,genai,13,871,1.5,8
2026-07-11,security,mid,ml,6,871,0.7,5
2026-07-11,security,senior,any_ai,31,484,6.4,23
2026-07-11,security,senior,genai,25,484,5.2,18
2026-07-11,security,senior,ml,13,484,2.7,11
2026-07-12,ai,all,any_ai,1069,2447,43.7,1064
2026-07-12,ai,all,genai,532,2447,21.7,524
2026-07-12,ai,all,ml,814,2447,33.3,807
2026-07-12,ai,entry,any_ai,19,84,22.6,19
2026-07-12,ai,entry,genai,4,84,4.8,4
2026-07-12,ai,entry,ml,18,84,21.4,18
2026-07-12,ai,mid,any_ai,520,1221,42.6,516
2026-07-12,ai,mid,genai,285,1221,23.3,280
2026-07-12,ai,mid,ml,366,1221,30.0,363
2026-07-12,ai,senior,any_ai,530,1142,46.4,529
2026-07-12,ai,senior,genai,243,1142,21.3,240
2026-07-12,ai,senior,ml,430,1142,37.7,426
2026-07-12,data,all,any_ai,531,5685,9.3,521
2026-07-12,data,all,genai,160,5685,2.8,157
2026-07-12,data,all,ml,453,5685,8.0,446
2026-07-12,data,entry,any_ai,29,313,9.3,29
2026-07-12,data,entry,genai,1,313,0.3,1
2026-07-12,data,entry,ml,28,313,8.9,28
2026-07-12,data,mid,any_ai,252,3258,7.7,248
2026-07-12,data,mid,genai,78,3258,2.4,77
2026-07-12,data,mid,ml,217,3258,6.7,214
2026-07-12,data,senior,any_ai,250,2114,11.8,244
2026-07-12,data,senior,genai,81,2114,3.8,79
2026-07-12,data,senior,ml,208,2114,9.8,204
2026-07-12,devops,all,any_ai,106,3069,3.5,100
2026-07-12,devops,all,genai,47,3069,1.5,43
2026-07-12,devops,all,ml,70,3069,2.3,68
2026-07-12,devops,entry,any_ai,0,47,0.0,0
2026-07-12,devops,entry,genai,0,47,0.0,0
2026-07-12,devops,entry,ml,0,47,0.0,0
2026-07-12,devops,mid,any_ai,50,1783,2.8,44
2026-07-12,devops,mid,genai,27,1783,1.5,23
2026-07-12,devops,mid,ml,27,1783,1.5,25
2026-07-12,devops,senior,any_ai,56,1239,4.5,56
2026-07-12,devops,senior,genai,20,1239,1.6,20
2026-07-12,devops,senior,ml,43,1239,3.5,43
2026-07-12,engineering,all,any_ai,839,8625,9.7,809
2026-07-12,engineering,all,genai,576,8625,6.7,547
2026-07-12,engineering,all,ml,417,8625,4.8,402
2026-07-12,engineering,entry,any_ai,6,221,2.7,5
2026-07-12,engineering,entry,genai,5,221,2.3,4
2026-07-12,engineering,entry,ml,1,221,0.5,1
2026-07-12,engineering,mid,any_ai,264,3388,7.8,255
2026-07-12,engineering,mid,genai,167,3388,4.9,162
2026-07-12,engineering,mid,ml,139,3388,4.1,130
2026-07-12,engineering,senior,any_ai,569,5016,11.3,549
2026-07-12,engineering,senior,genai,404,5016,8.1,381
2026-07-12,engineering,senior,ml,277,5016,5.5,271
2026-07-12,product,all,any_ai,189,1638,11.5,174
2026-07-12,product,all,genai,146,1638,8.9,131
2026-07-12,product,all,ml,80,1638,4.9,78
2026-07-12,product,entry,any_ai,0,22,0.0,0
2026-07-12,product,entry,genai,0,22,0.0,0
2026-07-12,product,entry,ml,0,22,0.0,0
2026-07-12,product,mid,any_ai,55,780,7.1,50
2026-07-12,product,mid,genai,44,780,5.6,40
2026-07-12,product,mid,ml,22,780,2.8,21
2026-07-12,product,senior,any_ai,134,836,16.0,124
2026-07-12,product,senior,genai,102,836,12.2,91
2026-07-12,product,senior,ml,58,836,6.9,57
2026-07-12,security,all,any_ai,50,1498,3.3,37
2026-07-12,security,all,genai,39,1498,2.6,27
2026-07-12,security,all,ml,19,1498,1.3,16
2026-07-12,security,entry,any_ai,0,89,0.0,0
2026-07-12,security,entry,genai,0,89,0.0,0
2026-07-12,security,entry,ml,0,89,0.0,0
2026-07-12,security,mid,any_ai,19,903,2.1,14
2026-07-12,security,mid,genai,14,903,1.6,9
2026-07-12,security,mid,ml,6,903,0.7,5
2026-07-12,security,senior,any_ai,31,506,6.1,23
2026-07-12,security,senior,genai,25,506,4.9,18
2026-07-12,security,senior,ml,13,506,2.6,11
2026-07-13,ai,all,any_ai,1126,2525,44.6,1121
2026-07-13,ai,all,genai,546,2525,21.6,538
2026-07-13,ai,all,ml,863,2525,34.2,856
2026-07-13,ai,entry,any_ai,19,84,22.6,19
2026-07-13,ai,entry,genai,4,84,4.8,4
2026-07-13,ai,entry,ml,18,84,21.4,18
2026-07-13,ai,mid,any_ai,532,1246,42.7,528
2026-07-13,ai,mid,genai,294,1246,23.6,289
2026-07-13,ai,mid,ml,373,1246,29.9,370
2026-07-13,ai,senior,any_ai,575,1195,48.1,574
2026-07-13,ai,senior,genai,248,1195,20.8,245
2026-07-13,ai,senior,ml,472,1195,39.5,468
2026-07-13,data,all,any_ai,540,5855,9.2,530
2026-07-13,data,all,genai,161,5855,2.7,158
2026-07-13,data,all,ml,462,5855,7.9,455
2026-07-13,data,entry,any_ai,29,322,9.0,29
2026-07-13,data,entry,genai,1,322,0.3,1
2026-07-13,data,entry,ml,28,322,8.7,28
2026-07-13,data,mid,any_ai,258,3360,7.7,254
2026-07-13,data,mid,genai,79,3360,2.4,78
2026-07-13,data,mid,ml,223,3360,6.6,220
2026-07-13,data,senior,any_ai,253,2173,11.6,247
2026-07-13,data,senior,genai,81,2173,3.7,79
2026-07-13,data,senior,ml,211,2173,9.7,207
2026-07-13,devops,all,any_ai,110,3193,3.4,104
2026-07-13,devops,all,genai,49,3193,1.5,45
2026-07-13,devops,all,ml,72,3193,2.3,70
2026-07-13,devops,entry,any_ai,0,48,0.0,0
2026-07-13,devops,entry,genai,0,48,0.0,0
2026-07-13,devops,entry,ml,0,48,0.0,0
2026-07-13,devops,mid,any_ai,54,1874,2.9,48
2026-07-13,devops,mid,genai,29,1874,1.5,25
2026-07-13,devops,mid,ml,29,1874,1.5,27
2026-07-13,devops,senior,any_ai,56,1271,4.4,56
2026-07-13,devops,senior,genai,20,1271,1.6,20
2026-07-13,devops,senior,ml,43,1271,3.4,43
2026-07-13,engineering,all,any_ai,853,8921,9.6,822
2026-07-13,engineering,all,genai,581,8921,6.5,551
2026-07-13,engineering,all,ml,426,8921,4.8,411
2026-07-13,engineering,entry,any_ai,6,233,2.6,5
2026-07-13,engineering,entry,genai,5,233,2.1,4
2026-07-13,engineering,entry,ml,1,233,0.4,1
2026-07-13,engineering,mid,any_ai,273,3480,7.8,263
2026-07-13,engineering,mid,genai,169,3480,4.9,163
2026-07-13,engineering,mid,ml,146,3480,4.2,137
2026-07-13,engineering,senior,any_ai,574,5208,11.0,554
2026-07-13,engineering,senior,genai,407,5208,7.8,384
2026-07-13,engineering,senior,ml,279,5208,5.4,273
2026-07-13,product,all,any_ai,191,1682,11.4,175
2026-07-13,product,all,genai,148,1682,8.8,132
2026-07-13,product,all,ml,80,1682,4.8,78
2026-07-13,product,entry,any_ai,0,22,0.0,0
2026-07-13,product,entry,genai,0,22,0.0,0
2026-07-13,product,entry,ml,0,22,0.0,0
2026-07-13,product,mid,any_ai,57,804,7.1,51
2026-07-13,product,mid,genai,46,804,5.7,41
2026-07-13,product,mid,ml,22,804,2.7,21
2026-07-13,product,senior,any_ai,134,856,15.7,124
2026-07-13,product,senior,genai,102,856,11.9,91
2026-07-13,product,senior,ml,58,856,6.8,57
2026-07-13,security,all,any_ai,51,1541,3.3,38
2026-07-13,security,all,genai,40,1541,2.6,28
2026-07-13,security,all,ml,19,1541,1.2,16
2026-07-13,security,entry,any_ai,0,89,0.0,0
2026-07-13,security,entry,genai,0,89,0.0,0
2026-07-13,security,entry,ml,0,89,0.0,0
2026-07-13,security,mid,any_ai,19,934,2.0,14
2026-07-13,security,mid,genai,14,934,1.5,9
2026-07-13,security,mid,ml,6,934,0.6,5
2026-07-13,security,senior,any_ai,32,518,6.2,24
2026-07-13,security,senior,genai,26,518,5.0,19
2026-07-13,security,senior,ml,13,518,2.5,11
2026-07-14,ai,all,any_ai,1180,2655,44.4,1175
2026-07-14,ai,all,genai,561,2655,21.1,553
2026-07-14,ai,all,ml,910,2655,34.3,903
2026-07-14,ai,entry,any_ai,19,88,21.6,19
2026-07-14,ai,entry,genai,4,88,4.5,4
2026-07-14,ai,entry,ml,18,88,20.5,18
2026-07-14,ai,mid,any_ai,551,1314,41.9,547
2026-07-14,ai,mid,genai,305,1314,23.2,300
2026-07-14,ai,mid,ml,386,1314,29.4,383
2026-07-14,ai,senior,any_ai,610,1253,48.7,609
2026-07-14,ai,senior,genai,252,1253,20.1,249
2026-07-14,ai,senior,ml,506,1253,40.4,502
2026-07-14,data,all,any_ai,573,6155,9.3,562
2026-07-14,data,all,genai,165,6155,2.7,162
2026-07-14,data,all,ml,490,6155,8.0,482
2026-07-14,data,entry,any_ai,30,343,8.7,30
2026-07-14,data,entry,genai,1,343,0.3,1
2026-07-14,data,entry,ml,29,343,8.5,29
2026-07-14,data,mid,any_ai,271,3537,7.7,266
2026-07-14,data,mid,genai,82,3537,2.3,81
2026-07-14,data,mid,ml,232,3537,6.6,228
2026-07-14,data,senior,any_ai,272,2275,12.0,266
2026-07-14,data,senior,genai,82,2275,3.6,80
2026-07-14,data,senior,ml,229,2275,10.1,225
2026-07-14,devops,all,any_ai,113,3338,3.4,107
2026-07-14,devops,all,genai,51,3338,1.5,47
2026-07-14,devops,all,ml,71,3338,2.1,69
2026-07-14,devops,entry,any_ai,0,49,0.0,0
2026-07-14,devops,entry,genai,0,49,0.0,0
2026-07-14,devops,entry,ml,0,49,0.0,0
2026-07-14,devops,mid,any_ai,56,1971,2.8,50
2026-07-14,devops,mid,genai,30,1971,1.5,26
2026-07-14,devops,mid,ml,30,1971,1.5,28
2026-07-14,devops,senior,any_ai,57,1318,4.3,57
2026-07-14,devops,senior,genai,21,1318,1.6,21
2026-07-14,devops,senior,ml,41,1318,3.1,41
2026-07-14,engineering,all,any_ai,877,9208,9.5,844
2026-07-14,engineering,all,genai,602,9208,6.5,571
2026-07-14,engineering,all,ml,404,9208,4.4,388
2026-07-14,engineering,entry,any_ai,6,241,2.5,5
2026-07-14,engineering,entry,genai,5,241,2.1,4
2026-07-14,engineering,entry,ml,1,241,0.4,1
2026-07-14,engineering,mid,any_ai,288,3623,7.9,277
2026-07-14,engineering,mid,genai,182,3623,5.0,176
2026-07-14,engineering,mid,ml,145,3623,4.0,135
2026-07-14,engineering,senior,any_ai,583,5344,10.9,562
2026-07-14,engineering,senior,genai,415,5344,7.8,391
2026-07-14,engineering,senior,ml,258,5344,4.8,252
2026-07-14,product,all,any_ai,195,1727,11.3,178
2026-07-14,product,all,genai,151,1727,8.7,134
2026-07-14,product,all,ml,73,1727,4.2,71
2026-07-14,product,entry,any_ai,0,22,0.0,0
2026-07-14,product,entry,genai,0,22,0.0,0
2026-07-14,product,entry,ml,0,22,0.0,0
2026-07-14,product,mid,any_ai,60,837,7.2,54
2026-07-14,product,mid,genai,48,837,5.7,43
2026-07-14,product,mid,ml,18,837,2.2,17
2026-07-14,product,senior,any_ai,135,868,15.6,124
2026-07-14,product,senior,genai,103,868,11.9,91
2026-07-14,product,senior,ml,55,868,6.3,54
2026-07-14,security,all,any_ai,52,1614,3.2,39
2026-07-14,security,all,genai,40,1614,2.5,28
2026-07-14,security,all,ml,20,1614,1.2,17
2026-07-14,security,entry,any_ai,0,91,0.0,0
2026-07-14,security,entry,genai,0,91,0.0,0
2026-07-14,security,entry,ml,0,91,0.0,0
2026-07-14,security,mid,any_ai,19,979,1.9,14
2026-07-14,security,mid,genai,14,979,1.4,9
2026-07-14,security,mid,ml,6,979,0.6,5
2026-07-14,security,senior,any_ai,33,544,6.1,25
2026-07-14,security,senior,genai,26,544,4.8,19
2026-07-14,security,senior,ml,14,544,2.6,12
2026-07-15,ai,all,any_ai,1228,2765,44.4,1223
2026-07-15,ai,all,genai,582,2765,21.0,574
2026-07-15,ai,all,ml,948,2765,34.3,941
2026-07-15,ai,entry,any_ai,19,92,20.7,19
2026-07-15,ai,entry,genai,4,92,4.3,4
2026-07-15,ai,entry,ml,18,92,19.6,18
2026-07-15,ai,mid,any_ai,581,1380,42.1,577
2026-07-15,ai,mid,genai,320,1380,23.2,315
2026-07-15,ai,mid,ml,408,1380,29.6,405
2026-07-15,ai,senior,any_ai,628,1293,48.6,627
2026-07-15,ai,senior,genai,258,1293,20.0,255
2026-07-15,ai,senior,ml,522,1293,40.4,518
2026-07-15,data,all,any_ai,608,6493,9.4,597
2026-07-15,data,all,genai,173,6493,2.7,170
2026-07-15,data,all,ml,523,6493,8.1,515
2026-07-15,data,entry,any_ai,30,349,8.6,30
2026-07-15,data,entry,genai,1,349,0.3,1
2026-07-15,data,entry,ml,29,349,8.3,29
2026-07-15,data,mid,any_ai,289,3746,7.7,284
2026-07-15,data,mid,genai,86,3746,2.3,85
2026-07-15,data,mid,ml,248,3746,6.6,244
2026-07-15,data,senior,any_ai,289,2398,12.1,283
2026-07-15,data,senior,genai,86,2398,3.6,84
2026-07-15,data,senior,ml,246,2398,10.3,242
2026-07-15,devops,all,any_ai,116,3530,3.3,110
2026-07-15,devops,all,genai,53,3530,1.5,49
2026-07-15,devops,all,ml,72,3530,2.0,70
2026-07-15,devops,entry,any_ai,0,56,0.0,0
2026-07-15,devops,entry,genai,0,56,0.0,0
2026-07-15,devops,entry,ml,0,56,0.0,0
2026-07-15,devops,mid,any_ai,57,2080,2.7,51
2026-07-15,devops,mid,genai,30,2080,1.4,26
2026-07-15,devops,mid,ml,31,2080,1.5,29
2026-07-15,devops,senior,any_ai,59,1394,4.2,59
2026-07-15,devops,senior,genai,23,1394,1.6,23
2026-07-15,devops,senior,ml,41,1394,2.9,41
2026-07-15,engineering,all,any_ai,904,9683,9.3,869
2026-07-15,engineering,all,genai,619,9683,6.4,588
2026-07-15,engineering,all,ml,413,9683,4.3,395
2026-07-15,engineering,entry,any_ai,5,246,2.0,4
2026-07-15,engineering,entry,genai,5,246,2.0,4
2026-07-15,engineering,entry,ml,0,246,0.0,0
2026-07-15,engineering,mid,any_ai,298,3851,7.7,287
2026-07-15,engineering,mid,genai,189,3851,4.9,183
2026-07-15,engineering,mid,ml,148,3851,3.8,138
2026-07-15,engineering,senior,any_ai,601,5586,10.8,578
2026-07-15,engineering,senior,genai,425,5586,7.6,401
2026-07-15,engineering,senior,ml,265,5586,4.7,257
2026-07-15,product,all,any_ai,201,1799,11.2,182
2026-07-15,product,all,genai,156,1799,8.7,137
2026-07-15,product,all,ml,74,1799,4.1,72
2026-07-15,product,entry,any_ai,0,22,0.0,0
2026-07-15,product,entry,genai,0,22,0.0,0
2026-07-15,product,entry,ml,0,22,0.0,0
2026-07-15,product,mid,any_ai,64,865,7.4,57
2026-07-15,product,mid,genai,51,865,5.9,45
2026-07-15,product,mid,ml,19,865,2.2,18
2026-07-15,product,senior,any_ai,137,912,15.0,125
2026-07-15,product,senior,genai,105,912,11.5,92
2026-07-15,product,senior,ml,55,912,6.0,54
2026-07-15,security,all,any_ai,53,1688,3.1,40
2026-07-15,security,all,genai,40,1688,2.4,28
2026-07-15,security,all,ml,21,1688,1.2,18
2026-07-15,security,entry,any_ai,0,92,0.0,0
2026-07-15,security,entry,genai,0,92,0.0,0
2026-07-15,security,entry,ml,0,92,0.0,0
2026-07-15,security,mid,any_ai,19,1024,1.9,14
2026-07-15,security,mid,genai,14,1024,1.4,9
2026-07-15,security,mid,ml,6,1024,0.6,5
2026-07-15,security,senior,any_ai,34,572,5.9,26
2026-07-15,security,senior,genai,26,572,4.5,19
2026-07-15,security,senior,ml,15,572,2.6,13
2026-07-16,ai,all,any_ai,1226,2838,43.2,1221
2026-07-16,ai,all,genai,576,2838,20.3,568
2026-07-16,ai,all,ml,950,2838,33.5,943
2026-07-16,ai,entry,any_ai,19,93,20.4,19
2026-07-16,ai,entry,genai,4,93,4.3,4
2026-07-16,ai,entry,ml,18,93,19.4,18
2026-07-16,ai,mid,any_ai,586,1432,40.9,582
2026-07-16,ai,mid,genai,317,1432,22.1,312
2026-07-16,ai,mid,ml,413,1432,28.8,410
2026-07-16,ai,senior,any_ai,621,1313,47.3,620
2026-07-16,ai,senior,genai,255,1313,19.4,252
2026-07-16,ai,senior,ml,519,1313,39.5,515
2026-07-16,data,all,any_ai,599,6568,9.1,588
2026-07-16,data,all,genai,171,6568,2.6,168
2026-07-16,data,all,ml,518,6568,7.9,510
2026-07-16,data,entry,any_ai,28,344,8.1,28
2026-07-16,data,entry,genai,0,344,0.0,0
2026-07-16,data,entry,ml,28,344,8.1,28
2026-07-16,data,mid,any_ai,281,3810,7.4,276
2026-07-16,data,mid,genai,84,3810,2.2,83
2026-07-16,data,mid,ml,243,3810,6.4,239
2026-07-16,data,senior,any_ai,290,2414,12.0,284
2026-07-16,data,senior,genai,87,2414,3.6,85
2026-07-16,data,senior,ml,247,2414,10.2,243
2026-07-16,devops,all,any_ai,118,3562,3.3,112
2026-07-16,devops,all,genai,55,3562,1.5,51
2026-07-16,devops,all,ml,73,3562,2.0,71
2026-07-16,devops,entry,any_ai,0,60,0.0,0
2026-07-16,devops,entry,genai,0,60,0.0,0
2026-07-16,devops,entry,ml,0,60,0.0,0
2026-07-16,devops,mid,any_ai,58,2101,2.8,52
2026-07-16,devops,mid,genai,31,2101,1.5,27
2026-07-16,devops,mid,ml,31,2101,1.5,29
2026-07-16,devops,senior,any_ai,60,1401,4.3,60
2026-07-16,devops,senior,genai,24,1401,1.7,24
2026-07-16,devops,senior,ml,42,1401,3.0,42
2026-07-16,engineering,all,any_ai,949,9828,9.7,913
2026-07-16,engineering,all,genai,650,9828,6.6,619
2026-07-16,engineering,all,ml,430,9828,4.4,412
2026-07-16,engineering,entry,any_ai,6,254,2.4,5
2026-07-16,engineering,entry,genai,5,254,2.0,4
2026-07-16,engineering,entry,ml,1,254,0.4,1
2026-07-16,engineering,mid,any_ai,305,3909,7.8,294
2026-07-16,engineering,mid,genai,189,3909,4.8,183
2026-07-16,engineering,mid,ml,155,3909,4.0,145
2026-07-16,engineering,senior,any_ai,638,5665,11.3,614
2026-07-16,engineering,senior,genai,456,5665,8.0,432
2026-07-16,engineering,senior,ml,274,5665,4.8,266
2026-07-16,product,all,any_ai,200,1771,11.3,181
2026-07-16,product,all,genai,158,1771,8.9,139
2026-07-16,product,all,ml,71,1771,4.0,69
2026-07-16,product,entry,any_ai,0,24,0.0,0
2026-07-16,product,entry,genai,0,24,0.0,0
2026-07-16,product,entry,ml,0,24,0.0,0
2026-07-16,product,mid,any_ai,62,817,7.6,55
2026-07-16,product,mid,genai,52,817,6.4,46
2026-07-16,product,mid,ml,16,817,2.0,15
2026-07-16,product,senior,any_ai,138,930,14.8,126
2026-07-16,product,senior,genai,106,930,11.4,93
2026-07-16,product,senior,ml,55,930,5.9,54
2026-07-16,security,all,any_ai,52,1686,3.1,39
2026-07-16,security,all,genai,40,1686,2.4,28
2026-07-16,security,all,ml,20,1686,1.2,17
2026-07-16,security,entry,any_ai,0,91,0.0,0
2026-07-16,security,entry,genai,0,91,0.0,0
2026-07-16,security,entry,ml,0,91,0.0,0
2026-07-16,security,mid,any_ai,19,1007,1.9,14
2026-07-16,security,mid,genai,15,1007,1.5,10
2026-07-16,security,mid,ml,5,1007,0.5,4
2026-07-16,security,senior,any_ai,33,588,5.6,25
2026-07-16,security,senior,genai,25,588,4.3,18
2026-07-16,security,senior,ml,15,588,2.6,13
2026-07-17,ai,all,any_ai,1221,2875,42.5,1216
2026-07-17,ai,all,genai,572,2875,19.9,563
2026-07-17,ai,all,ml,957,2875,33.3,950
2026-07-17,ai,entry,any_ai,23,96,24.0,23
2026-07-17,ai,entry,genai,4,96,4.2,4
2026-07-17,ai,entry,ml,22,96,22.9,22
2026-07-17,ai,mid,any_ai,587,1433,41.0,583
2026-07-17,ai,mid,genai,318,1433,22.2,312
2026-07-17,ai,mid,ml,417,1433,29.1,414
2026-07-17,ai,senior,any_ai,611,1346,45.4,610
2026-07-17,ai,senior,genai,250,1346,18.6,247
2026-07-17,ai,senior,ml,518,1346,38.5,514
2026-07-17,data,all,any_ai,581,6500,8.9,570
2026-07-17,data,all,genai,170,6500,2.6,167
2026-07-17,data,all,ml,504,6500,7.8,496
2026-07-17,data,entry,any_ai,28,350,8.0,28
2026-07-17,data,entry,genai,0,350,0.0,0
2026-07-17,data,entry,ml,28,350,8.0,28
2026-07-17,data,mid,any_ai,276,3740,7.4,271
2026-07-17,data,mid,genai,82,3740,2.2,81
2026-07-17,data,mid,ml,240,3740,6.4,236
2026-07-17,data,senior,any_ai,277,2410,11.5,271
2026-07-17,data,senior,genai,88,2410,3.7,86
2026-07-17,data,senior,ml,236,2410,9.8,232
2026-07-17,devops,all,any_ai,122,3610,3.4,116
2026-07-17,devops,all,genai,59,3610,1.6,55
2026-07-17,devops,all,ml,73,3610,2.0,71
2026-07-17,devops,entry,any_ai,0,60,0.0,0
2026-07-17,devops,entry,genai,0,60,0.0,0
2026-07-17,devops,entry,ml,0,60,0.0,0
2026-07-17,devops,mid,any_ai,59,2114,2.8,53
2026-07-17,devops,mid,genai,33,2114,1.6,29
2026-07-17,devops,mid,ml,31,2114,1.5,29
2026-07-17,devops,senior,any_ai,63,1436,4.4,63
2026-07-17,devops,senior,genai,26,1436,1.8,26
2026-07-17,devops,senior,ml,42,1436,2.9,42
2026-07-17,engineering,all,any_ai,958,9882,9.7,921
2026-07-17,engineering,all,genai,653,9882,6.6,620
2026-07-17,engineering,all,ml,437,9882,4.4,419
2026-07-17,engineering,entry,any_ai,6,254,2.4,5
2026-07-17,engineering,entry,genai,5,254,2.0,4
2026-07-17,engineering,entry,ml,1,254,0.4,1
2026-07-17,engineering,mid,any_ai,305,3895,7.8,293
2026-07-17,engineering,mid,genai,187,3895,4.8,180
2026-07-17,engineering,mid,ml,157,3895,4.0,147
2026-07-17,engineering,senior,any_ai,647,5733,11.3,623
2026-07-17,engineering,senior,genai,461,5733,8.0,436
2026-07-17,engineering,senior,ml,279,5733,4.9,271
2026-07-17,product,all,any_ai,203,1779,11.4,184
2026-07-17,product,all,genai,158,1779,8.9,139
2026-07-17,product,all,ml,74,1779,4.2,72
2026-07-17,product,entry,any_ai,1,28,3.6,1
2026-07-17,product,entry,genai,0,28,0.0,0
2026-07-17,product,entry,ml,1,28,3.6,1
2026-07-17,product,mid,any_ai,64,816,7.8,57
2026-07-17,product,mid,genai,53,816,6.5,47
2026-07-17,product,mid,ml,17,816,2.1,16
2026-07-17,product,senior,any_ai,138,935,14.8,126
2026-07-17,product,senior,genai,105,935,11.2,92
2026-07-17,product,senior,ml,56,935,6.0,55
2026-07-17,security,all,any_ai,55,1721,3.2,42
2026-07-17,security,all,genai,42,1721,2.4,30
2026-07-17,security,all,ml,21,1721,1.2,18
2026-07-17,security,entry,any_ai,0,90,0.0,0
2026-07-17,security,entry,genai,0,90,0.0,0
2026-07-17,security,entry,ml,0,90,0.0,0
2026-07-17,security,mid,any_ai,19,1018,1.9,14
2026-07-17,security,mid,genai,15,1018,1.5,10
2026-07-17,security,mid,ml,5,1018,0.5,4
2026-07-17,security,senior,any_ai,36,613,5.9,28
2026-07-17,security,senior,genai,27,613,4.4,20
2026-07-17,security,senior,ml,16,613,2.6,14
2026-07-18,ai,all,any_ai,1208,2874,42.0,1203
2026-07-18,ai,all,genai,559,2874,19.5,550
2026-07-18,ai,all,ml,958,2874,33.3,951
2026-07-18,ai,entry,any_ai,20,93,21.5,20
2026-07-18,ai,entry,genai,4,93,4.3,4
2026-07-18,ai,entry,ml,19,93,20.4,19
2026-07-18,ai,mid,any_ai,582,1437,40.5,578
2026-07-18,ai,mid,genai,314,1437,21.9,308
2026-07-18,ai,mid,ml,418,1437,29.1,415
2026-07-18,ai,senior,any_ai,606,1344,45.1,605
2026-07-18,ai,senior,genai,241,1344,17.9,238
2026-07-18,ai,senior,ml,521,1344,38.8,517
2026-07-18,data,all,any_ai,571,6519,8.8,560
2026-07-18,data,all,genai,170,6519,2.6,167
2026-07-18,data,all,ml,495,6519,7.6,487
2026-07-18,data,entry,any_ai,25,349,7.2,25
2026-07-18,data,entry,genai,0,349,0.0,0
2026-07-18,data,entry,ml,25,349,7.2,25
2026-07-18,data,mid,any_ai,282,3767,7.5,277
2026-07-18,data,mid,genai,84,3767,2.2,83
2026-07-18,data,mid,ml,245,3767,6.5,241
2026-07-18,data,senior,any_ai,264,2403,11.0,258
2026-07-18,data,senior,genai,86,2403,3.6,84
2026-07-18,data,senior,ml,225,2403,9.4,221
2026-07-18,devops,all,any_ai,133,3623,3.7,127
2026-07-18,devops,all,genai,59,3623,1.6,55
2026-07-18,devops,all,ml,84,3623,2.3,82
2026-07-18,devops,entry,any_ai,0,58,0.0,0
2026-07-18,devops,entry,genai,0,58,0.0,0
2026-07-18,devops,entry,ml,0,58,0.0,0
2026-07-18,devops,mid,any_ai,66,2117,3.1,60
2026-07-18,devops,mid,genai,33,2117,1.6,29
2026-07-18,devops,mid,ml,38,2117,1.8,36
2026-07-18,devops,senior,any_ai,67,1448,4.6,67
2026-07-18,devops,senior,genai,26,1448,1.8,26
2026-07-18,devops,senior,ml,46,1448,3.2,46
2026-07-18,engineering,all,any_ai,960,9940,9.7,923
2026-07-18,engineering,all,genai,651,9940,6.5,618
2026-07-18,engineering,all,ml,440,9940,4.4,422
2026-07-18,engineering,entry,any_ai,6,211,2.8,5
2026-07-18,engineering,entry,genai,5,211,2.4,4
2026-07-18,engineering,entry,ml,1,211,0.5,1
2026-07-18,engineering,mid,any_ai,309,3955,7.8,297
2026-07-18,engineering,mid,genai,188,3955,4.8,181
2026-07-18,engineering,mid,ml,160,3955,4.0,150
2026-07-18,engineering,senior,any_ai,645,5774,11.2,621
2026-07-18,engineering,senior,genai,458,5774,7.9,433
2026-07-18,engineering,senior,ml,279,5774,4.8,271
2026-07-18,product,all,any_ai,202,1806,11.2,183
2026-07-18,product,all,genai,158,1806,8.7,139
2026-07-18,product,all,ml,73,1806,4.0,71
2026-07-18,product,entry,any_ai,1,28,3.6,1
2026-07-18,product,entry,genai,0,28,0.0,0
2026-07-18,product,entry,ml,1,28,3.6,1
2026-07-18,product,mid,any_ai,63,817,7.7,56
2026-07-18,product,mid,genai,53,817,6.5,47
2026-07-18,product,mid,ml,16,817,2.0,15
2026-07-18,product,senior,any_ai,138,961,14.4,126
2026-07-18,product,senior,genai,105,961,10.9,92
2026-07-18,product,senior,ml,56,961,5.8,55
2026-07-18,security,all,any_ai,56,1713,3.3,43
2026-07-18,security,all,genai,43,1713,2.5,31
2026-07-18,security,all,ml,21,1713,1.2,18
2026-07-18,security,entry,any_ai,0,90,0.0,0
2026-07-18,security,entry,genai,0,90,0.0,0
2026-07-18,security,entry,ml,0,90,0.0,0
2026-07-18,security,mid,any_ai,19,1006,1.9,14
2026-07-18,security,mid,genai,15,1006,1.5,10
2026-07-18,security,mid,ml,5,1006,0.5,4
2026-07-18,security,senior,any_ai,37,617,6.0,29
2026-07-18,security,senior,genai,28,617,4.5,21
2026-07-18,security,senior,ml,16,617,2.6,14
2026-07-19,ai,all,any_ai,1263,2987,42.3,1258
2026-07-19,ai,all,genai,572,2987,19.1,563
2026-07-19,ai,all,ml,1005,2987,33.6,998
2026-07-19,ai,entry,any_ai,46,131,35.1,46
2026-07-19,ai,entry,genai,5,131,3.8,5
2026-07-19,ai,entry,ml,44,131,33.6,44
2026-07-19,ai,mid,any_ai,599,1478,40.5,595
2026-07-19,ai,mid,genai,321,1478,21.7,315
2026-07-19,ai,mid,ml,431,1478,29.2,428
2026-07-19,ai,senior,any_ai,618,1378,44.8,617
2026-07-19,ai,senior,genai,246,1378,17.9,243
2026-07-19,ai,senior,ml,530,1378,38.5,526
2026-07-19,data,all,any_ai,584,6738,8.7,572
2026-07-19,data,all,genai,174,6738,2.6,170
2026-07-19,data,all,ml,504,6738,7.5,496
2026-07-19,data,entry,any_ai,25,361,6.9,25
2026-07-19,data,entry,genai,0,361,0.0,0
2026-07-19,data,entry,ml,25,361,6.9,25
2026-07-19,data,mid,any_ai,289,3895,7.4,283
2026-07-19,data,mid,genai,86,3895,2.2,84
2026-07-19,data,mid,ml,250,3895,6.4,246
2026-07-19,data,senior,any_ai,270,2482,10.9,264
2026-07-19,data,senior,genai,88,2482,3.5,86
2026-07-19,data,senior,ml,229,2482,9.2,225
2026-07-19,devops,all,any_ai,136,3743,3.6,130
2026-07-19,devops,all,genai,59,3743,1.6,55
2026-07-19,devops,all,ml,87,3743,2.3,85
2026-07-19,devops,entry,any_ai,0,61,0.0,0
2026-07-19,devops,entry,genai,0,61,0.0,0
2026-07-19,devops,entry,ml,0,61,0.0,0
2026-07-19,devops,mid,any_ai,66,2188,3.0,60
2026-07-19,devops,mid,genai,33,2188,1.5,29
2026-07-19,devops,mid,ml,38,2188,1.7,36
2026-07-19,devops,senior,any_ai,70,1494,4.7,70
2026-07-19,devops,senior,genai,26,1494,1.7,26
2026-07-19,devops,senior,ml,49,1494,3.3,49
2026-07-19,engineering,all,any_ai,996,10237,9.7,958
2026-07-19,engineering,all,genai,682,10237,6.7,649
2026-07-19,engineering,all,ml,446,10237,4.4,427
2026-07-19,engineering,entry,any_ai,6,218,2.8,5
2026-07-19,engineering,entry,genai,5,218,2.3,4
2026-07-19,engineering,entry,ml,1,218,0.5,1
2026-07-19,engineering,mid,any_ai,313,4064,7.7,301
2026-07-19,engineering,mid,genai,191,4064,4.7,184
2026-07-19,engineering,mid,ml,162,4064,4.0,152
2026-07-19,engineering,senior,any_ai,677,5955,11.4,652
2026-07-19,engineering,senior,genai,486,5955,8.2,461
2026-07-19,engineering,senior,ml,283,5955,4.8,274
2026-07-19,product,all,any_ai,203,1859,10.9,184
2026-07-19,product,all,genai,159,1859,8.6,140
2026-07-19,product,all,ml,73,1859,3.9,71
2026-07-19,product,entry,any_ai,1,29,3.4,1
2026-07-19,product,entry,genai,0,29,0.0,0
2026-07-19,product,entry,ml,1,29,3.4,1
2026-07-19,product,mid,any_ai,63,840,7.5,56
2026-07-19,product,mid,genai,53,840,6.3,47
2026-07-19,product,mid,ml,16,840,1.9,15
2026-07-19,product,senior,any_ai,139,990,14.0,127
2026-07-19,product,senior,genai,106,990,10.7,93
2026-07-19,product,senior,ml,56,990,5.7,55
2026-07-19,security,all,any_ai,56,1766,3.2,43
2026-07-19,security,all,genai,43,1766,2.4,31
2026-07-19,security,all,ml,21,1766,1.2,18
2026-07-19,security,entry,any_ai,0,92,0.0,0
2026-07-19,security,entry,genai,0,92,0.0,0
2026-07-19,security,entry,ml,0,92,0.0,0
2026-07-19,security,mid,any_ai,19,1030,1.8,14
2026-07-19,security,mid,genai,15,1030,1.5,10
2026-07-19,security,mid,ml,5,1030,0.5,4
2026-07-19,security,senior,any_ai,37,644,5.7,29
2026-07-19,security,senior,genai,28,644,4.3,21
2026-07-19,security,senior,ml,16,644,2.5,14
2026-07-20,ai,all,any_ai,1317,3076,42.8,1312
2026-07-20,ai,all,genai,597,3076,19.4,588
2026-07-20,ai,all,ml,1050,3076,34.1,1043
2026-07-20,ai,entry,any_ai,46,133,34.6,46
2026-07-20,ai,entry,genai,5,133,3.8,5
2026-07-20,ai,entry,ml,44,133,33.1,44
2026-07-20,ai,mid,any_ai,605,1505,40.2,601
2026-07-20,ai,mid,genai,323,1505,21.5,317
2026-07-20,ai,mid,ml,434,1505,28.8,431
2026-07-20,ai,senior,any_ai,666,1438,46.3,665
2026-07-20,ai,senior,genai,269,1438,18.7,266
2026-07-20,ai,senior,ml,572,1438,39.8,568
2026-07-20,data,all,any_ai,594,6892,8.6,582
2026-07-20,data,all,genai,176,6892,2.6,172
2026-07-20,data,all,ml,513,6892,7.4,505
2026-07-20,data,entry,any_ai,25,364,6.9,25
2026-07-20,data,entry,genai,0,364,0.0,0
2026-07-20,data,entry,ml,25,364,6.9,25
2026-07-20,data,mid,any_ai,293,3995,7.3,287
2026-07-20,data,mid,genai,86,3995,2.2,84
2026-07-20,data,mid,ml,254,3995,6.4,250
2026-07-20,data,senior,any_ai,276,2533,10.9,270
2026-07-20,data,senior,genai,90,2533,3.6,88
2026-07-20,data,senior,ml,234,2533,9.2,230
2026-07-20,devops,all,any_ai,138,3880,3.6,132
2026-07-20,devops,all,genai,60,3880,1.5,56
2026-07-20,devops,all,ml,88,3880,2.3,86
2026-07-20,devops,entry,any_ai,0,64,0.0,0
2026-07-20,devops,entry,genai,0,64,0.0,0
2026-07-20,devops,entry,ml,0,64,0.0,0
2026-07-20,devops,mid,any_ai,66,2235,3.0,60
2026-07-20,devops,mid,genai,33,2235,1.5,29
2026-07-20,devops,mid,ml,38,2235,1.7,36
2026-07-20,devops,senior,any_ai,72,1581,4.6,72
2026-07-20,devops,senior,genai,27,1581,1.7,27
2026-07-20,devops,senior,ml,50,1581,3.2,50
2026-07-20,engineering,all,any_ai,1001,10483,9.5,963
2026-07-20,engineering,all,genai,686,10483,6.5,653
2026-07-20,engineering,all,ml,449,10483,4.3,430
2026-07-20,engineering,entry,any_ai,6,221,2.7,5
2026-07-20,engineering,entry,genai,5,221,2.3,4
2026-07-20,engineering,entry,ml,1,221,0.5,1
2026-07-20,engineering,mid,any_ai,314,4196,7.5,302
2026-07-20,engineering,mid,genai,193,4196,4.6,186
2026-07-20,engineering,mid,ml,163,4196,3.9,153
2026-07-20,engineering,senior,any_ai,681,6066,11.2,656
2026-07-20,engineering,senior,genai,488,6066,8.0,463
2026-07-20,engineering,senior,ml,285,6066,4.7,276
2026-07-20,product,all,any_ai,208,1921,10.8,189
2026-07-20,product,all,genai,164,1921,8.5,145
2026-07-20,product,all,ml,73,1921,3.8,71
2026-07-20,product,entry,any_ai,1,30,3.3,1
2026-07-20,product,entry,genai,0,30,0.0,0
2026-07-20,product,entry,ml,1,30,3.3,1
2026-07-20,product,mid,any_ai,66,872,7.6,59
2026-07-20,product,mid,genai,56,872,6.4,50
2026-07-20,product,mid,ml,16,872,1.8,15
2026-07-20,product,senior,any_ai,141,1019,13.8,129
2026-07-20,product,senior,genai,108,1019,10.6,95
2026-07-20,product,senior,ml,56,1019,5.5,55
2026-07-20,security,all,any_ai,56,1823,3.1,43
2026-07-20,security,all,genai,43,1823,2.4,31
2026-07-20,security,all,ml,21,1823,1.2,18
2026-07-20,security,entry,any_ai,0,95,0.0,0
2026-07-20,security,entry,genai,0,95,0.0,0
2026-07-20,security,entry,ml,0,95,0.0,0
2026-07-20,security,mid,any_ai,19,1062,1.8,14
2026-07-20,security,mid,genai,15,1062,1.4,10
2026-07-20,security,mid,ml,5,1062,0.5,4
2026-07-20,security,senior,any_ai,37,666,5.6,29
2026-07-20,security,senior,genai,28,666,4.2,21
2026-07-20,security,senior,ml,16,666,2.4,14
2026-07-21,ai,all,any_ai,1386,3213,43.1,1381
2026-07-21,ai,all,genai,620,3213,19.3,611
2026-07-21,ai,all,ml,1101,3213,34.3,1094
2026-07-21,ai,entry,any_ai,48,136,35.3,48
2026-07-21,ai,entry,genai,6,136,4.4,6
2026-07-21,ai,entry,ml,45,136,33.1,45
2026-07-21,ai,mid,any_ai,631,1575,40.1,627
2026-07-21,ai,mid,genai,333,1575,21.1,327
2026-07-21,ai,mid,ml,452,1575,28.7,449
2026-07-21,ai,senior,any_ai,707,1502,47.1,706
2026-07-21,ai,senior,genai,281,1502,18.7,278
2026-07-21,ai,senior,ml,604,1502,40.2,600
2026-07-21,data,all,any_ai,625,7177,8.7,613
2026-07-21,data,all,genai,181,7177,2.5,177
2026-07-21,data,all,ml,540,7177,7.5,532
2026-07-21,data,entry,any_ai,26,371,7.0,26
2026-07-21,data,entry,genai,0,371,0.0,0
2026-07-21,data,entry,ml,26,371,7.0,26
2026-07-21,data,mid,any_ai,302,4139,7.3,296
2026-07-21,data,mid,genai,89,4139,2.2,87
2026-07-21,data,mid,ml,260,4139,6.3,256
2026-07-21,data,senior,any_ai,297,2667,11.1,291
2026-07-21,data,senior,genai,92,2667,3.4,90
2026-07-21,data,senior,ml,254,2667,9.5,250
2026-07-21,devops,all,any_ai,146,4010,3.6,139
2026-07-21,devops,all,genai,62,4010,1.5,57
2026-07-21,devops,all,ml,94,4010,2.3,92
2026-07-21,devops,entry,any_ai,0,65,0.0,0
2026-07-21,devops,entry,genai,0,65,0.0,0
2026-07-21,devops,entry,ml,0,65,0.0,0
2026-07-21,devops,mid,any_ai,72,2308,3.1,65
2026-07-21,devops,mid,genai,35,2308,1.5,30
2026-07-21,devops,mid,ml,42,2308,1.8,40
2026-07-21,devops,senior,any_ai,74,1637,4.5,74
2026-07-21,devops,senior,genai,27,1637,1.6,27
2026-07-21,devops,senior,ml,52,1637,3.2,52
2026-07-21,engineering,all,any_ai,1026,10886,9.4,988
2026-07-21,engineering,all,genai,704,10886,6.5,671
2026-07-21,engineering,all,ml,460,10886,4.2,441
2026-07-21,engineering,entry,any_ai,6,225,2.7,5
2026-07-21,engineering,entry,genai,5,225,2.2,4
2026-07-21,engineering,entry,ml,1,225,0.4,1
2026-07-21,engineering,mid,any_ai,324,4396,7.4,312
2026-07-21,engineering,mid,genai,200,4396,4.5,193
2026-07-21,engineering,mid,ml,169,4396,3.8,159
2026-07-21,engineering,senior,any_ai,696,6265,11.1,671
2026-07-21,engineering,senior,genai,499,6265,8.0,474
2026-07-21,engineering,senior,ml,290,6265,4.6,281
2026-07-21,product,all,any_ai,210,1983,10.6,191
2026-07-21,product,all,genai,165,1983,8.3,146
2026-07-21,product,all,ml,74,1983,3.7,72
2026-07-21,product,entry,any_ai,1,32,3.1,1
2026-07-21,product,entry,genai,0,32,0.0,0
2026-07-21,product,entry,ml,1,32,3.1,1
2026-07-21,product,mid,any_ai,66,907,7.3,59
2026-07-21,product,mid,genai,56,907,6.2,50
2026-07-21,product,mid,ml,16,907,1.8,15
2026-07-21,product,senior,any_ai,143,1044,13.7,131
2026-07-21,product,senior,genai,109,1044,10.4,96
2026-07-21,product,senior,ml,57,1044,5.5,56
2026-07-21,security,all,any_ai,58,1907,3.0,45
2026-07-21,security,all,genai,44,1907,2.3,32
2026-07-21,security,all,ml,22,1907,1.2,19
2026-07-21,security,entry,any_ai,0,105,0.0,0
2026-07-21,security,entry,genai,0,105,0.0,0
2026-07-21,security,entry,ml,0,105,0.0,0
2026-07-21,security,mid,any_ai,19,1111,1.7,14
2026-07-21,security,mid,genai,15,1111,1.4,10
2026-07-21,security,mid,ml,5,1111,0.5,4
2026-07-21,security,senior,any_ai,39,691,5.6,31
2026-07-21,security,senior,genai,29,691,4.2,22
2026-07-21,security,senior,ml,17,691,2.5,15
